Title,Author,weeks on bestseller list
GONE GIRL,Gillian Flynn,131
THE GIRL ON THE TRAIN,Paula Hawkins,107
ALL THE LIGHT WE CANNOT SEE,Anthony Doerr,96
FIFTY SHADES OF GREY,E L James,93
THE NIGHTINGALE,Kristin Hannah,76
FIFTY SHADES DARKER,E L James,74
A GAME OF THRONES,George R R Martin,68
FIFTY SHADES FREED,E L James,65
THE HELP,Kathryn Stockett,60
THE HUSBAND'S SECRET,Liane Moriarty,60
ORPHAN TRAIN,Christina Baker Kline,54
THE GOLDFINCH,Donna Tartt,52
THE MARTIAN,Andy Weir,50
THE GIRL WHO KICKED THE HORNET’S NEST,Stieg Larsson,45
A MAN CALLED OVE,Fredrik Backman,44
WATER FOR ELEPHANTS,Sara Gruen,41
THE GIRL WITH THE DRAGON TATTOO,Stieg Larsson,40
INFERNO,Dan Brown,39
THE GIRL WHO PLAYED WITH FIRE,Stieg Larsson,33
ME BEFORE YOU,Jojo Moyes,33
SYCAMORE ROW,John Grisham,31
BIG LITTLE LIES,Liane Moriarty,31
ENDER'S GAME,Orson Scott Card,30
BARED TO YOU,Sylvia Day,29
DARK PLACES,Gillian Flynn,29
GRAY MOUNTAIN,John Grisham,28
THE LONGEST RIDE,Nicholas Sparks,28
OUTLANDER,Diana Gabaldon,27
ROGUE LAWYER,John Grisham,25
THE BEST OF ME,Nicholas Sparks,25
THE RACKETEER,John Grisham,25
FIFTY SHADES TRILOGY,E L James,23
THE LITIGATORS,John Grisham,22
ROOM,Emma Donoghue,22
AFTER YOU,Jojo Moyes,21
AND THE MOUNTAINS ECHOED,Khaled Hosseini,21
THE LIGHT BETWEEN OCEANS,M L Stedman,21
A DANCE WITH DRAGONS,George R R Martin,20
SAFE HAVEN,Nicholas Sparks,20
THE UNDERGROUND RAILROAD,Colson Whitehead,20
11/22/63,Stephen King,20
GO SET A WATCHMAN,Harper Lee,19
THE INVENTION OF WINGS,Sue Monk Kidd,19
CUTTING FOR STONE,Abraham Verghese,19
THE MARRIAGE BARGAIN,Jennifer Probst,19
SEE ME,Nicholas Sparks,18
LIFE OF PI,Yann Martel,18
THE MILL RIVER RECLUSE,Darcie Chan,17
THE LUCKY ONE,Nicholas Sparks,17
SMALL GREAT THINGS,Jodi Picoult,16
MILK AND HONEY,Rupi Kaur,16
TWO BY TWO,Nicholas Sparks,16
A CLASH OF KINGS,George R R Martin,16
GREY,E L James,16
THE WHISTLER,John Grisham,16
DEFENDING JACOB,William Landay,16
THE CASUAL VACANCY,J K Rowling,15
DOCTOR SLEEP,Stephen King,15
MEMORY MAN,David Baldacci,15
THE MURDER HOUSE,James Patterson and David Ellis,15
THE PARIS WIFE,Paula McLain,15
THE LINCOLN LAWYER,Michael Connelly,15
THE WOMAN IN CABIN 10,Ruth Ware,15
THE FORGOTTEN,David Baldacci,15
LUCKIEST GIRL ALIVE,Jessica Knoll,15
UNFINISHED BUSINESS,Nora Roberts,14
THE CONFESSION,John Grisham,14
THE GIRL IN THE SPIDER'S WEB,David Lagercrantz,14
THE ESCAPE,David Baldacci,14
THE CUCKOO'S CALLING,Robert Galbraith,13
LEAVING TIME,Jodi Picoult,13
STILL ALICE,Lisa Genova,13
THE SILVER LININGS PLAYBOOK,Matthew Quick,13
THE BURNING ROOM,Michael Connelly,12
ABRAHAM LINCOLN: VAMPIRE HUNTER,Seth Grahame-Smith,12
ZOO,James Patterson and Michael Ledwidge,12
SARAH’S KEY,Tatiana de Rosnay,12
REFLECTED IN YOU,Sylvia Day,12
PERSONAL,Lee Child,11
THE LAST MILE,David Baldacci,11
THE INNOCENT,David Baldacci,11
THE NEST,Cynthia D'Aprix Sweeney,11
MAKE ME,Lee Child,11
THE ABBEY,Chris Culver,11
EXTREMELY LOUD AND INCREDIBLY CLOSE,Jonathan Safran Foer,11
A DOG'S PURPOSE,W Bruce Cameron,11
THE STRANGER,Harlan Coben,10
NEVER GO BACK,Lee Child,10
A SPOOL OF BLUE THREAD,Anne Tyler,10
THE AFFAIR,Lee Child,10
A DISCOVERY OF WITCHES,Deborah Harkness,10
ALEX CROSS_ RUN,James Patterson,10
THE LIAR,Nora Roberts,10
DARK WITCH,Nora Roberts,10
KILL ALEX CROSS,James Patterson,10
TRULY MADLY GUILTY,Liane Moriarty,10
TRICKY TWENTY-TWO,Janet Evanovich,10
THE GUILTY,David Baldacci,10
WHISKEY BEACH,Nora Roberts,10
DRAGONFLY IN AMBER,Diana Gabaldon,10
SOMETHING BORROWED,Emily Giffin,10
BEFORE THE FALL,Noah Hawley,9
ZERO DAY,David Baldacci,9
CROSS THE LINE,James Patterson,9
THE CROSSING,Michael Connelly,9
COMMAND AUTHORITY,Tom Clancy with Mark Greaney,9
THE CHOICE,Nicholas Sparks,9
THE TARGET,David Baldacci,9
SMOKIN’ SEVENTEEN,Janet Evanovich,9
11TH HOUR,James Patterson and Maxine Paetro,9
THE COLLECTOR,Nora Roberts,9
CALICO JOE,John Grisham,9
THE NEXT ALWAYS,Nora Roberts,9
HOPE TO DIE,James Patterson,9
EXPLOSIVE EIGHTEEN,Janet Evanovich,9
THE STORYTELLER,Jodi Picoult,9
ON THE ISLAND,Tracey Garvis-Graves,9
TAKEDOWN TWENTY,Janet Evanovich,9
THE HIT,David Baldacci,9
NOW YOU SEE HER,James Patterson and Michael Ledwidge,9
THE WRONG SIDE OF GOODBYE,Michael Connelly,9
TICK TOCK,James Patterson and Michael Ledwidge,9
THE DROP,Michael Connelly,9
THE BLACK BOX,Michael Connelly,9
10TH ANNIVERSARY,James Patterson and Maxine Paetro,9
THE REVENANT,Michael Punke,9
DEATH COMES TO PEMBERLEY,P D James,9
NO MAN'S LAND,David Baldacci,9
MERRY CHRISTMAS_ ALEX CROSS,James Patterson,8
THE SILENT WIFE,A S A Harrison,8
BEAUTIFUL DISASTER,Jamie McGuire,8
COMMONWEALTH,Ann Patchett,8
A WANTED MAN,Lee Child,8
THE FIFTH WITNESS,Michael Connelly,8
STATE OF WONDER,Ann Patchett,8
THE CHRISTMAS WEDDING,James Patterson and Richard DiLallo,8
15TH AFFAIR,James Patterson and Maxine Paetro,8
THE SIXTH MAN,David Baldacci,8
THE RUMOR,Elin Hilderbrand,8
14TH DEADLY SIN,James Patterson and Maxine Paetro,8
THE GODS OF GUILT,Michael Connelly,8
THE FIRST PHONE CALL FROM HEAVEN,Mitch Albom,8
EDGE OF ETERNITY,Ken Follett,8
IN THE UNLIKELY EVENT,Judy Blume,8
SECOND HONEYMOON,James Patterson and Howard Roughan,8
THE ALCHEMIST,Paulo Coelho,8
INVISIBLE,James Patterson and David Ellis,8
THE BAZAAR OF BAD DREAMS,Stephen King,8
WORLD WAR Z,Max Brooks,8
NIGHT SCHOOL,Lee Child,8
FLESH AND BLOOD,Patricia Cornwell,8
THE WEDDING DRESS,Rachel Hauck,8
THE GIRLS,Emma Cline,8
THE LAST ANNIVERSARY,Liane Moriarty,8
PRIVATE: #1 SUSPECT,James Patterson and Maxine Paetro,8
THE LAST BOYFRIEND,Nora Roberts,7
REVIVAL,Stephen King,7
A WEEK IN WINTER,Maeve Binchy,7
SIX YEARS,Harlan Coben,7
THE TIME KEEPER,Mitch Albom,7
CROSS MY HEART,James Patterson,7
THE FIXED TRILOGY,Laurelin Paige,7
GUILTY WIVES,James Patterson and David Ellis,7
THE MARRIAGE PLOT,Jeffrey Eugenides,7
DON'T SAY A WORD,Barbara Freethy,7
THE OBSESSION,Nora Roberts,7
MR. MERCEDES,Stephen King,7
NOTORIOUS NINETEEN,Janet Evanovich,7
12TH OF NEVER,James Patterson and Maxine Paetro,7
JANUARY,Audrey Carlan,7
HOPELESS,Colleen Hoover,7
CAPTIVATED BY YOU,Sylvia Day,7
WHERE WE BELONG,Emily Giffin,7
KING AND MAXWELL,David Baldacci,7
FIELD OF PREY,John Sandford,7
THE BET,Rachel Van Dyken,7
SURRENDER YOUR LOVE,JC Reed,7
CROSS JUSTICE,James Patterson,7
KILL SHOT,Vince Flynn,7
THE WITNESS,Nora Roberts,7
THE MAGIC STRINGS OF FRANKIE PRESTO,Mitch Albom,7
BURIED PREY,John Sandford,7
TOP SECRET TWENTY-ONE,Janet Evanovich,7
THE OCEAN AT THE END OF THE LANE,Neil Gaiman,7
THE COINCIDENCE OF CALLIE AND KAYDEN,Jessica Sorensen,7
UNLUCKY 13,James Patterson and Maxine Paetro,7
ENTWINED WITH YOU,Sylvia Day,7
STILL LIFE WITH BREAD CRUMBS,Anna Quindlen,7
KILL ME IF YOU CAN,James Patterson and Marshall Karp,7
END OF WATCH,Stephen King,6
THE HEIST,Daniel Silva,6
THE HOST,Stephenie Meyer,6
I_ MICHAEL BENNETT,James Patterson and Michael Ledwidge,6
THE SURVIVOR,Vince Flynn and Kyle Mills,6
1225 CHRISTMAS TREE LANE,Debbie Macomber,6
SHOCK WAVE,John Sandford,6
THE ROSIE PROJECT,Graeme Simsion,6
HIDDEN ORDER,Brad Thor,6
NYPD RED 2,James Patterson and Marshall Karp,6
DEPRAVED HEART,Patricia Cornwell,6
FLIGHT BEHAVIOR,Barbara Kingsolver,6
LITTLE GIRL LOST,Brian McGilloway,6
STEALING FACES,Michael Prescott,6
THE SILKWORM,Robert Galbraith,6
THE CHEMIST,Stephenie Meyer,6
TRUTH OR DIE,James Patterson and Howard Roughan,6
CLOUD ATLAS,David Mitchell,6
FINDERS KEEPERS,Stephen King,6
GATHERING PREY,John Sandford,6
FOOL ME ONCE,Harlan Coben,6
BURN,James Patterson and Michael Ledwidge,6
THE BLACK ECHO,Michael Connelly,6
BAD MONKEY,Carl Hiaasen,6
THE ENGLISH SPY,Daniel Silva,6
ONE SUMMER,David Baldacci,6
CHASING FIRE,Nora Roberts,6
DEAD RECKONING,Charlaine Harris,6
THE NIGHT CIRCUS,Erin Morgenstern,6
SING YOU HOME,Jodi Picoult,6
DUST,Patricia Cornwell,6
MISSING YOU,Harlan Coben,6
DEEP DOWN,Lee Child,6
V IS FOR VENGEANCE,Sue Grafton,6
PRIVATE GAMES,James Patterson and Mark Sullivan,6
THE LAND OF PAINTED CAVES,Jean M Auel,6
THE APARTMENT,Danielle Steel,6
THE LAST MAN,Vince Flynn,6
NYPD RED 3,James Patterson and Marshall Karp,6
STOLEN PREY,John Sandford,6
BLACK LIST,Brad Thor,6
THE BOY IN THE SUITCASE,Lene Kaaberbol,6
WINTER OF THE WORLD,Ken Follett,6
SOMETHING BLUE,Emily Giffin,6
NATCHEZ BURNING,Greg Iles,6
THE BLACK WIDOW,Daniel Silva,6
SILKEN PREY,John Sandford,6
HOME,Harlan Coben,6
THE ENGLISH GIRL,Daniel Silva,6
CODE OF CONDUCT,Brad Thor,6
TURBO TWENTY-THREE,Janet Evanovich,6
ONE DAY,David Nicholls,6
LETHAL,Sandra Brown,6
TOUCH AND GO,Lisa Gardner,5
THE BLACK ICE,Michael Connelly,5
I'VE GOT YOU UNDER MY SKIN,Mary Higgins Clark,5
MEAN STREAK,Sandra Brown,5
STING,Sandra Brown,5
SLAMMED,Colleen Hoover,5
AGAINST ALL ENEMIES,Tom Clancy with Peter Telep,5
EXTREME PREY,John Sandford,5
FALLEN TOO FAR,Abbi Glines,5
VINCE FLYNN: ORDER TO KILL,Kyle Mills,5
DADDY'S GONE A HUNTING,Mary Higgins Clark,5
A GREAT RECKONING,Louise Penny,5
DOWN TO YOU,M Leighton,5
X,Sue Grafton,5
THE BOOK OF LIFE,Deborah Harkness,5
THE WITNESS,Sandra Brown,5
PRIVATE L.A.,James Patterson and Mark Sullivan,5
HERE'S TO US,Elin Hilderbrand,5
THEN CAME YOU,Jennifer Weiner,5
THE HEIST,Janet Evanovich and Lee Goldberg,5
THREAT VECTOR,Tom Clancy with Mark Greaney,5
MY NAME IS LUCY BARTON,Elizabeth Strout,5
BLOOD MAGICK,Nora Roberts,5
PRIVATE VEGAS,James Patterson and Maxine Paetro,5
ACT OF WAR,Brad Thor,5
MISTRESS,James Patterson and David Ellis,5
AGENDA 21,Glenn Beck with Harriet Parke,5
I’LL WALK ALONE,Mary Higgins Clark,5
PRIVATE BERLIN,James Patterson and Mark Sullivan,5
WAIT FOR YOU,J Lynn,5
SHADOW SPELL,Nora Roberts,5
RAZOR GIRL,Carl Hiaasen,5
TOM CLANCY: COMMANDER IN CHIEF,Mark Greaney,5
FIND HER,Lisa Gardner,5
TENTH OF DECEMBER,George Saunders,5
LOVE YOU MORE,Lisa Gardner,5
FIRST COMES LOVE,Emily Giffin,5
INNOCENCE,Dean Koontz,5
APPRENTICE IN DEATH,J D Robb,5
LOCKED ON,Tom Clancy with Mark Greaney,5
RED MIST,Patricia Cornwell,5
AS TIME GOES BY,Mary Higgins Clark,5
HIGH HEAT,Lee Child,5
NOT A DRILL,Lee Child,5
A STORM OF SWORDS,George R R Martin,5
THE SEARCH,Nora Roberts,5
THE PANTHER,Nelson DeMille,5
PORTRAIT OF A SPY,Daniel Silva,5
BLIND FAITH,CJ Lyons,5
W IS FOR WASTED,Sue Grafton,5
WRITTEN IN MY OWN HEART'S BLOOD,Diana Gabaldon,5
NEVER NEVER,James Patterson and Candice Fox,5
WICKED BUSINESS,Janet Evanovich,5
THE ONE AND ONLY,Emily Giffin,5
FIRST LOVE,James Patterson and Emily Raymond,5
NYPD RED 4,James Patterson and Marshall Karp,5
RADIANT ANGEL,Nelson DeMille,5
BULLSEYE,James Patterson and Michael Ledwidge,5
ALL FALL DOWN,Jennifer Weiner,5
THE INN AT ROSE HARBOR,Debbie Macomber,5
THE EX GAMES,J S Cooper and Helen Cooper,5
LONE WOLF,Jodi Picoult,5
FOREIGN AGENT,Brad Thor,5
NYPD RED,James Patterson and Marshall Karp,5
DEADLINE,John Sandford,5
SHARP OBJECTS,Gillian Flynn,5
THE SHACK,William P Young,5
PRETTY GIRLS,Karin Slaughter,5
THE BURGESS BOYS,Elizabeth Strout,5
THE PERFECT HOPE,Nora Roberts,5
DAMAGED,H M Ward,4
COMETH THE HOUR,Jeffrey Archer,4
ODD APOCALYPSE,Dean Koontz,4
STARS OF FORTUNE,Nora Roberts,4
KILLER,Jonathan Kellerman,4
ELIGIBLE,Curtis Sittenfeld,4
CONQUER YOUR LOVE,JC Reed,4
DEAD OR ALIVE,Tom Clancy with Grant Blackwood,4
PRIVATE PARIS,James Patterson and Mark Sullivan,4
REDWOOD BEND,Ron Carr,4
BROTHERHOOD IN DEATH,J D Robb,4
ALERT,James Patterson and Michael Ledwidge,4
SUSPECT,Robert Crais,4
THE SWEETEST THING,Barbara Freethy,4
DEADLOCKED,Charlaine Harris,4
STORM FRONT,John Sandford,4
UNTIL PROVEN GUILTY,J A Jance,4
RUSH,Maya Banks,4
STAY CLOSE,Harlan Coben,4
A MEMORY OF LIGHT,Robert Jordan and Brandon Sanderson,4
MARRYING DAISY BELLAMY,Susan Wiggs,4
ESCAPE CLAUSE,John Sandford,4
PRIVATE LONDON,James Patterson and Mark Pearson,4
MILE 81,Stephen King,4
A TURN IN THE ROAD,Debbie Macomber,4
THE FALLEN ANGEL,Daniel Silva,4
TOYS,James Patterson and Neil McMahon,4
THE EDGE OF NEVER,JA Redmerski,4
POWER PLAY,Danielle Steel,4
ONE GOOD DOG,Susan Wilson,4
THE EX GAMES 2,JS Cooper and Helen Cooper,4
A KILLING TIDE,P J Alderman,4
FEBRUARY,Audrey Carlan,4
FEAR NOTHING,Lisa Gardner,4
THE WEEKENDERS,Mary Kay Andrews,4
TREACHERY IN DEATH,J D Robb,4
FALL OF GIANTS,Ken Follett,4
ONE NIGHT STAND,J S Cooper and Helen Cooper,4
STEPBROTHER DEAREST,Penelope Ward,4
1105 YAKIMA STREET,Debbie Macomber,4
THE JEFFERSON KEY,Steve Berry,4
BEHIND CLOSED DOORS,B A Paris,4
CAN YOU KEEP A SECRET?,Sophie Kinsella,4
CROSS FIRE,James Patterson,4
CIRCLING THE SUN,Paula McLain,4
HOME FRONT,Kristin Hannah,4
SNATCHED,Karin Slaughter,4
SOMEWHERE SAFE WITH SOMEBODY GOOD,Jan Karon,4
TOM CLANCY TRUE FAITH AND ALLEGIANCE,Mark Greaney,4
SWEET TOMORROWS,Debbie Macomber,4
MICRO,Michael Crichton and Richard Preston,4
THE WIDOW,Fiona Barton,4
GONE,James Patterson and Michael Ledwidge,4
TOM CLANCY FULL FORCE AND EFFECT,Mark Greaney,4
LOW PRESSURE,Sandra Brown,4
THE GAMES,James Patterson and Mark Sullivan,4
SMALL WARS,Lee Child,4
THREE SISTERS,Susan Mallery,4
BLUE,Danielle Steel,4
PRIVATE DOWN UNDER,James Patterson and Michael White,4
WRONG BED_ RIGHT GUY,Katee Robert,4
FRICTION,Sandra Brown,4
FATES AND FURIES,Lauren Groff,4
ALONE,Lisa Gardner,4
THE BONE BED,Patricia Cornwell,4
DEAD EVER AFTER,Charlaine Harris,4
SECOND SON,Lee Child,4
REAL,Katy Evans,4
THE SECRET OF ELLA AND MICHA,Jessica Sorensen,4
1Q84,Haruki Murakami,4
FALLING INTO YOU,Jasinda Wilder,4
AT THE WATER'S EDGE,Sara Gruen,4
NEW YORK TO DALLAS,J D Robb,4
CAREER OF EVIL,Robert Galbraith,4
LIVE WIRE,Harlan Coben,4
VICTIMS,Jonathan Kellerman,4
ONE WITH YOU,Sylvia Day,4
EVERY FIFTEEN MINUTES,Lisa Scottoline,4
WINTER'S TALE,Mark Helprin,4
FULL BLACK,Brad Thor,4
SOMEONE TO LOVE,Addison Moore,4
THE JUNGLE,Clive Cussler with Jack Du Brul,4
CONCEALED IN DEATH,J D Robb,4
THE BONE TREE,Greg Iles,4
LIFE AFTER LIFE,Kate Atkinson,4
THE WANDERER,Ron Carr,4
THE STORM,Clive Cussler and Graham Brown,4
CROSS KILL,James Patterson,4
THE SIGNATURE OF ALL THINGS,Elizabeth Gilbert,3
THE VALLEY OF AMAZEMENT,Amy Tan,3
THE QUEST,Nelson DeMille,3
BOSSMAN,Vi Keeland,3
THE TRESPASSER,Tana French,3
BONNIE,Iris Johansen,3
IDENTICAL,Scott Turow,3
REVENGE WEARS PRADA,Lauren Weisberger,3
THE LOST YEARS,Mary Higgins Clark,3
ONE FOR THE MONEY,Janet Evanovich,3
THE JAPANESE LOVER,Isabel Allende,3
PRODIGAL SON,Danielle Steel,3
LABOR DAY,Joyce Maynard,3
MIRAGE,Clive Cussler with Jack Du Brul,3
STANDUP GUY,Stuart Woods,3
THE EMPEROR'S REVENGE,Clive Cussler and Boyd Morrison,3
WOMAN OF GOD,James Patterson and Maxine Paetro,3
BAY OF SIGHS,Nora Roberts,3
THE LAST ORIGINAL WIFE,Dorothea Benton Frank,3
THE FIFTH ASSASSIN,Brad Meltzer,3
LITTLE BEE,Chris Cleave,3
THE TRIAL,James Patterson with Maxine Paetro,3
A KNIGHT OF THE SEVEN KINGDOMS,George R R Martin,3
THE FINAL CUT,Catherine Coulter and JT Ellison,3
THE INNER CIRCLE,Brad Meltzer,3
THE BOOTLEGGER,Clive Cussler and Justin Scott,3
THE TOMBS,Clive Cussler and Thomas Perry,3
THE LOWLAND,Jhumpa Lahiri,3
CRASH AND BURN,Lisa Gardner,3
WRONG,Jana Aston,3
THE CHASE,Janet Evanovich and Lee Goldberg,3
FESTIVE IN DEATH,J D Robb,3
PULSE,Gail McHugh,3
JOYLAND,Stephen King,3
FLY AWAY,Kristin Hannah,3
CARNAL CURIOSITY,Stuart Woods,3
MISSING,James Patterson and Kathryn Fox,3
BREAKDOWN,Jonathan Kellerman,3
NEMESIS,Catherine Coulter,3
KEEP QUIET,Lisa Scottoline,3
THE STRANGER,Kyra Davis,3
RIGHT BEHIND YOU,Lisa Gardner,3
BLUE LABYRINTH,Douglas Preston and Lincoln Child,3
INSIDIOUS,Catherine Coulter,3
THE THIEF,Clive Cussler and Justin Scott,3
SHADOW OF NIGHT,Deborah Harkness,3
WAIT FOR ME,Elisabeth Naughton,3
WE ARE WATER,Wally Lamb,3
STRATEGIC MOVES,Stuart Woods,3
SAINT ODD,Dean Koontz,3
LOSING IT,Cora Carmack,3
MAGIC,Danielle Steel,3
THE BAKER'S DAUGHTER,Sarah McCoy,3
THE GIRL WHO CAME HOME,Hazel Gaynor,3
THE MAN IN THE HIGH CASTLE,Philip K Dick,3
RUSHING WATERS,Danielle Steel,3
SUMMER SECRETS,Barbara Freethy,3
THE MAYAN SECRETS,Clive Cussler and Thomas Perry,3
THE MISTRESS,Danielle Steel,3
HOTEL VENDOME,Danielle Steel,3
MINDING FRANKIE,Maeve Binchy,3
WHO DO YOU LOVE,Jennifer Weiner,3
POWER PLAY,Catherine Coulter,3
COME RAIN OR COME SHINE,Jan Karon,3
WHAT THE NIGHT KNOWS,Dean Koontz,3
MAD RIVER,John Sandford,3
THE DOVEKEEPERS,Alice Hoffman,3
FRIENDS FOREVER,Danielle Steel,3
COLLIDE,Gail McHugh,3
BETRAYAL,Danielle Steel,3
PIRANHA,Clive Cussler and Boyd Morrison,3
SIXKILL,Robert B Parker,3
MY BRILLIANT FRIEND,Elena Ferrante,3
BOMBSHELL,Catherine Coulter,3
THE CHANCE,Ron Carr,3
THE DEVIL COLONY,James Rollins,3
MIRACLE CURE,Harlan Coben,3
THE GIRL BEFORE,J P Delaney,3
DELUSION IN DEATH,J D Robb,3
THE WISE MAN'S FEAR,Patrick Rothfuss,3
SAY YOU'LL STAY,Corinne Michaels,3
CELEBRITY IN DEATH,J D Robb,3
MOTIVE,Jonathan Kellerman,3
HAPPY BIRTHDAY,Danielle Steel,3
PROPERTY OF A NOBLEWOMAN,Danielle Steel,3
CHILL FACTOR,Sandra Brown,3
SKIN GAME,Jim Butcher,3
BACKFIRE,Catherine Coulter,3
TAKEN,Robert Crais,3
THE TIGER'S WIFE,Téa Obreht,3
THE BALLER,Vi Keeland,3
SUICIDE RUN,Michael Connelly,3
ODESSA SEA,Clive Cussler and Dirk Cussler,3
POSEIDON'S ARROW,Clive Cussler and Dirk Cussler,3
ISLAND OF GLASS,Nora Roberts,3
PRINCE LESTAT,Anne Rice,3
LAST TO DIE,Tess Gerritsen,3
MYSTERY,Jonathan Kellerman,3
CALCULATED IN DEATH,J D Robb,3
TODAY WILL BE DIFFERENT,Maria Semple,3
THIS IS WHERE I LEAVE YOU,Jonathan Tropper,3
THE GANGSTER,Clive Cussler and Justin Scott,3
HAVANA STORM,Clive Cussler,3
STUCK-UP SUIT,Vi Keeland and Penelope Ward,3
THANKLESS IN DEATH,J D Robb,3
OFF THE GRID,C J Box,3
ASHLEY BELL,Dean Koontz,3
THE NEXT BEST THING,Jennifer Weiner,3
CATCH ME,Lisa Gardner,3
MIRROR IMAGE,Sandra Brown,3
WOOL OMNIBUS EDITION,Hugh Howey,3
THE THIRD GATE,Lincoln Child,2
BEFORE I GO TO SLEEP,S J Watson,2
HEARTSONG,Debbie Macomber,2
SEVENEVES,Neal Stephenson,2
THE SINS OF THE MOTHER,Danielle Steel,2
SUNRISE POINT,Ron Carr,2
BELIEVING THE LIE,Elizabeth George,2
THE MELODY LINGERS ON,Mary Higgins Clark,2
MY GRANDMOTHER ASKED ME TO TELL YOU SHE'S SORRY,Fredrik Backman,2
THE DINNER,Herman Koch,2
WHITE FIRE,Douglas Preston and Lincoln Child,2
BLIND PURSUIT,Michael Prescott,2
GHOST SHIP,Clive Cussler and Graham Brown,2
HEAT RISES,Richard Castle,2
A PERFECT LIFE,Danielle Steel,2
GONE - PART TWO,Deborah Bladon,2
DREAMS OF JOY,Lisa See,2
MOONGLOW,Michael Chabon,2
THE TWELVE TRIBES OF HATTIE,Ayana Mathis,2
DEADLINE,Sandra Brown,2
THE WINTER SEA,Susanna Kearsley,2
THE ENEMY INSIDE,Steve Martini,2
BE CAREFUL WHAT YOU WISH FOR,Jeffrey Archer,2
WIFE BY WEDNESDAY,Catherine Bybee,2
WHISPER BEACH,Shelley Noble,2
COLD VENGEANCE,Douglas Preston and Lincoln Child,2
ZOO 2,James Patterson with Max DiLallo,2
THE SUMMER GARDEN,Sherryl Woods,2
COUNTRY,Danielle Steel,2
AMERICAN GODS,Neil Gaiman,2
BEAUTY FROM SURRENDER,Georgia Cates,2
DUST,Hugh Howey,2
BEAUTIFUL SACRIFICE,Jamie McGuire,2
WILD MAN CREEK,Ron Carr,2
THE FIREMAN,Joe Hill,2
77 SHADOW STREET,Dean Koontz,2
WILDEST DREAMS,Ron Carr,2
THE 9TH JUDGMENT,James Patterson and Maxine Paetro,2
LOVER AT LAST,J R Ward,2
GUILT,Jonathan Kellerman,2
TRUE GRIT,Charles Portis,2
THE SILVER STAR,Jeannette Walls,2
THE EYE OF HEAVEN,Clive Cussler and Russell Blake,2
THE KEPT WOMAN,Karin Slaughter,2
LOVE IN A NUTSHELL,Janet Evanovich and Dorien Kelly,2
ANTI-STEPBROTHER,Tijan,2
FLASH AND BONES,Kathy Reichs,2
THE REDEMPTION OF CALLIE AND KAYDEN,Jessica Sorensen,2
MILLER'S VALLEY,Anna Quindlen,2
SIZZLING SIXTEEN,Janet Evanovich,2
OBSESSION IN DEATH,J D Robb,2
THE PROMISE,Ron Carr,2
THE 14TH COLONY,Steve Berry,2
THE HANDMAID'S TALE,Margaret Atwood,2
THE BILLIONAIRE'S OBSESSION,J S Scott,2
NOS4A2,Joe Hill,2
ISLAND OF LOST GIRLS,Jennifer McMahon,2
LOST TO YOU,A L Jackson,2
THE SELLOUT,Paul Beatty,2
TALL_ DARK AND DEADLY,Lisa Renee Jones,2
LEAVE ME BREATHLESS,Cherrie Lynn,2
FALLING FOR MY BEST FRIEND'S BROTHER,J S Cooper,2
WILLOW BROOK ROAD,Sherryl Woods,2
DAMAGED 2,H M Ward,2
TOM CLANCY UNDER FIRE,Grant Blackwood,2
THE SCAM,Janet Evanovich and Lee Goldberg,2
FIRE TOUCHED,Patricia Briggs,2
THE WIND THROUGH THE KEYHOLE,Stephen King,2
UGLY LOVE,Colleen Hoover,2
THE OBSIDIAN CHAMBER,Douglas Preston and Lincoln Child,2
ENVY,Sandra Brown,2
44 CHARLES STREET,Danielle Steel,2
TOM CLANCY: DUTY AND HONOR,Grant Blackwood,2
WINNERS,Danielle Steel,2
LOVE LETTERS,Debbie Macomber,2
DREAMS OF A DARK WARRIOR,Kresley Cole,2
HER LAST LETTER,Nancy C Johnson,2
COLORLESS TSUKURU TAZAKI AND HIS YEARS OF PILGRIMAGE,Haruki Murakami,2
PIRATE,Clive Cussler and Robin Burcell,2
THE SCOTTISH PRISONER,Diana Gabaldon,2
PURITY,Jonathan Franzen,2
WICKED FIRSTS,Elisabeth Naughton and others,2
BEST KEPT SECRET,Jeffrey Archer,2
THE GUERNSEY LITERARY AND POTATO PEEL PIE SOCIETY,Mary Ann Shaffer and Annie Barrows,2
HELL'S CORNER,David Baldacci,2
A NEW HOPE,Ron Carr,2
ONE PLUS ONE,Jojo Moyes,2
FAMILY JEWELS,Stuart Woods,2
BECAUSE OF MISS BRIDGERTON,Julia Quinn,2
IF YOU STAY,Courtney Cole,2
THE END GAME,Catherine Coulter and J T Ellison,2
EVERYBODY'S FOOL,Richard Russo,2
ALL DRESSED IN WHITE,Mary Higgins Clark and Alafair Burke,2
PRECIOUS GIFTS,Danielle Steel,2
DARK MATTER,Blake Crouch,2
CURIOUS MINDS,Janet Evanovich and Phoef Sutton,2
SECOND WATCH,J A Jance,2
NAKED,Raine Miller,2
THE WHOLE ENCHILADA,Diane Mott Davidson,2
THE CREED LEGACY,Linda Lael Miller,2
FIRST SIGHT,Danielle Steel,2
PLAY,Kylie Scott,2
THE PROMISE,Robert Crais,2
THE ALL-GIRL FILLING STATION'S LAST REUNION,Fannie Flagg,2
THE PRESIDENT'S SHADOW,Brad Meltzer,2
THE PACT,Karina Halle,2
DEVIL’S GATE,Clive Cussler and Graham Brown,2
ALL THE SINGLE LADIES,Dorothea Benton Frank,2
THE RACE,Clive Cussler and Justin Scott,2
THE TIGER’S WIFE,Tea Obreht,2
THE SLEEPING BEAUTY KILLER,Mary Higgins Clark and Alafair Burke,2
THE VACATIONERS,Emma Straub,2
BRIDGET JONES: MAD ABOUT THE BOY,Helen Fielding,2
BONES ARE FOREVER,Kathy Reichs,2
ENDANGERED,C J Box,2
SILVER GIRL,Elin Hilderbrand,2
BRING ME HOME FOR CHRISTMAS,Ron Carr,2
BIG ROCK,Lauren Blakely,2
THE STEEL KISS,Jeffery Deaver,2
FRENCH SILK,Sandra Brown,2
RUIN: PART 1,Deborah Bladon,2
THE HERO,Ron Carr,2
ONE WISH,Ron Carr,2
INSATIABLE APPETITES,Stuart Woods,2
THE SINS OF THE FATHER,Jeffrey Archer,2
LAST ONE HOME,Debbie Macomber,2
TOM CLANCY: SUPPORT AND DEFEND,Mark Greaney,2
THE KING,J R Ward,2
HIS SECRETARY,Melanie Marchande,2
THE LINCOLN MYTH,Steve Berry,2
NEVER NEVER,Colleen Hoover and Tarryn Fisher,2
IT ENDS WITH US,Colleen Hoover,2
A CREED IN STONE CREEK,Linda Lael Miller,2
COLD BETRAYAL,J A Jance,2
MISTER O,Lauren Blakely,2
THE ROUND HOUSE,Louise Erdrich,2
COCKY BASTARD,Penelope Ward and Vi Keeland,2
FOREVER TOO FAR,Abbi Glines,2
SHADOWFEVER,Karen Marie Moning,2
A GIRL'S GUIDE TO MOVING ON,Debbie Macomber,2
THE MURDERER'S DAUGHTER,Jonathan Kellerman,2
THE AGE OF MIRACLES,Karen Thompson Walker,2
MARRYING WINTERBORNE,Lisa Kleypas,2
SEDUCING CINDERELLA,Gina L Maxwell,2
TREASURE YOUR LOVE,JC Reed,2
THE EX GAMES 3,JS Cooper and Helen Cooper,2
DIE AGAIN,Tess Gerritsen,2
WILDERNESS,Dean Koontz,2
ROOMHATE,Penelope Ward,2
STAR WARS: AFTERMATH,Chuck Wendig,2
SCANDALOUS BEHAVIOR,Stuart Woods,2
THE FORGOTTEN ROOM,Lincoln Child,2
THE COLUMBUS AFFAIR,Steve Berry,2
THE KILL ROOM,Jeffery Deaver,2
THE SKIN COLLECTOR,Jeffery Deaver,2
THE WOLF GIFT,Anne Rice,2
MAINE,J Courtney Sullivan,2
WORTH DYING FOR,Lee Child,2
ANGLE OF INVESTIGATION,Michael Connelly,2
THE ASSASSIN,Clive Cussler and Justin Scott,2
THE SNOWMAN,Jo Nesbo,2
SIMPLY IRRESISTIBLE,Jill Shalvis,2
JANE'S MELODY,Ryan Winfield,2
PHANTOM,Jo Nesbo,2
THE SILENT GIRL,Tess Gerritsen,2
ZERO HOUR,Clive Cussler and Graham Brown,2
IN ONE PERSON,John Irving,2
RIVER MARKED,Patricia Briggs,2
NIGHT ROAD,Kristin Hannah,2
LORD OF SCOUNDRELS,Loretta Chase,2
SPLIT SECOND,Catherine Coulter,2
PARTNERS,John Grisham,2
NORSE MYTHOLOGY,Neil Gaiman,2
TOUGH CUSTOMER,Sandra Brown,2
OUT OF LINE,Jen McLaughlin,2
THE IDEAL MAN,Julie Garwood,2
WALKING DISASTER,Jamie McGuire,2
WORDS OF RADIANCE,Brandon Sanderson,2
BELOW THE BELT,Stuart Woods,2
ECHOES IN DEATH,J D Robb,2
BLOODLINE,James Rollins,2
BEAUTIFUL DAY,Elin Hilderbrand,2
BEAUTIFUL BASTARD,Christina Lauren,2
BULLSEYE,David Baldacci,2
RUIN: PART TWO,Deborah Bladon,2
RAYLAN,Elmore Leonard,2
THE AWARD,Danielle Steel,2
ALL IN,Raine Miller,2
TWISTED PERFECTION,Abbi Glines,2
A GOD IN RUINS,Kate Atkinson,2
COLD DAYS,Jim Butcher,2
PLAYING FOR KEEPS,R L Mathewson,2
THE CITY OF MIRRORS,Justin Cronin,2
PARIS MATCH,Stuart Woods,2
DARK STORM,Christine Feehan,2
BURN,Maya Banks,2
GOD HELP THE CHILD,Toni Morrison,2
THE PHARAOH'S SECRET,Clive Cussler and Graham Brown,2
THE GOOD GIRL,Mary Kubica,2
THE FORCE AWAKENS,Alan Dean Foster,2
WARM BODIES,Isaac Marion,2
SEVERE CLEAR,Stuart Woods,2
CARTE BLANCHE,Jeffery Deaver,2
UNTIL THE END OF TIME,Danielle Steel,2
DOING HARD TIME,Stuart Woods,2
FEVER,Maya Banks,2
THE EXPATS,Chris Pavone,2
CHAOS,Patricia Cornwell,2
SAVE ME,Lisa Scottoline,2
DEVOTED IN DEATH,J D Robb,2
GHOST STORY,Jim Butcher,2
HOLLYWOOD DIRT,Alessandra Torre,2
NIGHT BROKEN,Patricia Briggs,2
THE CINDERELLA MURDER,Mary Higgins Clark and Alafair Burke,2
RUIN,Rachel Van Dyken,2
LOVER UNLEASHED,J R Ward,2
THE HURRICANE SISTERS,Dorothea Benton Frank,2
RAGING HEAT,Richard Castle,2
LIVE BY NIGHT,Dennis Lehane,2
LOVER REBORN,J R Ward,2
SUMMERLAND,Elin Hilderbrand,2
THE NEWCOMER,Ron Carr,2
SILVER LININGS,Debbie Macomber,2
UNDERCOVER,Danielle Steel,2
A MATTER OF HONOR,Jeffrey Archer,2
CRIMSON SHORE,Douglas Preston and Lincoln Child,2
UNINTENDED CONSEQUENCES,Stuart Woods,2
I'VE GOT YOUR NUMBER,Sophie Kinsella,2
NAKED GREED,Stuart Woods,2
SEA GLASS ISLAND,Sherryl Woods,2
NIGHT MOVES,Nora Roberts,2
ALL SUMMER LONG,Dorothea Benton Frank,2
CRIMINAL,Karin Slaughter,2
HARVEST MOON,Ron Carr,2
THE 6TH EXTINCTION,James Rollins,2
THE KINGDOM,Clive Cussler with Grant Blackwood,2
ACCUSED,Lisa Scottoline,2
FAMILY TREE,Susan Wiggs,2
HOT PURSUIT,Stuart Woods,2
THE ART OF FIELDING,Chad Harbach,2
THE DARKEST SECRET,Gena Showalter,1
MAGIC RISES,Ilona Andrews,1
THE PAGAN LORD,Bernard Cornwell,1
MY AMERICAN DUCHESS,Eloisa James,1
SPIRIT BOUND,Christine Feehan,1
COP TOWN,Karin Slaughter,1
SHADES OF GRAY,Maya Banks,1
DAUGHTERS OF THE BRIDE,Susan Mallery,1
A HEARTBEAT AWAY,Michael Palmer,1
MANITOU CANYON,William Kent Krueger,1
ONE IN A MILLION,Jill Shalvis,1
A BEAUTIFUL WEDDING,Jamie McGuire,1
I LET YOU GO,Clare Mackintosh,1
YOU WERE MINE,Abbi Glines,1
PALE DEMON,Kim Harrison,1
SHADOW PLAY,Iris Johansen,1
THE WATERS OF ETERNAL YOUTH,Donna Leon,1
THE FLAME BEARER,Bernard Cornwell,1
THE SILENT SISTER,Diane Chamberlain,1
KILLER CHEF,James Patterson and Jeffrey J Keyes,1
SOMETHING WITCHY THIS WAY COMES,H P Mallory,1
ONLY US,Susan Mallery,1
THE LADY OF THE RIVERS,Philippa Gregory,1
THE NIX,Nathan Hill,1
STAKING HIS CLAIM,Tessa Bailey,1
FIGHTING DIRTY,Lori Foster,1
SUMMER RENTAL,Mary Kay Andrews,1
DARK CAROUSEL,Christine Feehan,1
THE BOURNE DOMINION,Eric Van Lustbader,1
THE WHITE QUEEN,Philippa Gregory,1
FOREVER US,Sandi Lynn,1
BORN OF SHADOWS,Sherrilyn Kenyon,1
STAKED,Kevin Hearne,1
TROUBLEMAKER,Linda Howard,1
PALACE OF TREASON,Jason Matthews,1
HARD AS YOU CAN,Laura Kaye,1
TANGLED,Emma Chase,1
TAKING EVE,Iris Johansen,1
UNDER A VAMPIRE MOON,Lynsay Sands,1
DESERVES TO DIE,Lisa Jackson,1
DAMASCUS COUNTDOWN,Joel C Rosenberg,1
POSSESSION,Helen Hardt,1
SHOPAHOLIC TO THE STARS,Sophie Kinsella,1
WEDDING CAKE MURDER,Joanne Fluke,1
THE JOB,Janet Evanovich and Lee Goldberg,1
GOING DOWN FAST,Carly Phillips,1
DEACON,Kristen Ashley,1
SPIDER GAME,Christine Feehan,1
THE NATURE OF THE BEAST,Louise Penny,1
GABRIEL’S INFERNO,Sylvain Reynard,1
IN PURSUIT OF ELIZA CYNSTER,Stephanie Laurens,1
THE GUARDIAN,Nicholas Sparks,1
BECAUSE YOU ARE MINE_ PART VI,Beth Kery,1
THE ISLAND HOUSE,Nancy Thayer,1
THIS GIRL,Colleen Hoover,1
DARKEST BEFORE DAWN,Maya Banks,1
CLAWBACK,J A Jance,1
BORN OF BETRAYAL,Sherrilyn Kenyon,1
TRUST,Jana Aston,1
THRICE THE BRINDED CAT HATH MEW'D,Alan Bradley,1
WHEN A SCOT TIES THE KNOT,Tessa Dare,1
THE KITCHEN HOUSE,Kathleen Grissom,1
ALL I EVER NEED IS YOU,Bella Andre,1
DOUBLE DOWN,Fern Michaels,1
THE SKY UNWASHED,Irene Zatko,1
THE LAKE HOUSE,Kate Morton,1
THE BLOOD GOSPEL,James Rollins and Rebecca Cantrell,1
A GOOD MARRIAGE,Stephen King,1
CITY ON FIRE,Garth Risk Hallberg,1
ALPHA BILLIONAIRE 3,Helen Cooper,1
SEBRING,Kristen Ashley,1
THE GUEST ROOM,Chris Bohjalian,1
POLICE,Jo Nesbo,1
THE SNOW ANGEL,Glenn Beck,1
SON OF STONE,Stuart Woods,1
NEVER DIE ALONE,Lisa Jackson,1
BURN,Helen Hardt,1
ALL THE STARS IN THE HEAVENS,Adriana Trigiani,1
THE SECOND LIFE OF NICK MASON,Steve Hamilton,1
BUILT,Jay Crownover,1
DOWN THE RABBIT HOLE,J D Robb and others,1
HOLDING STRONG,Lori Foster,1
PRINCE LESTAT AND THE REALMS OF ATLANTIS,Anne Rice,1
THE THIRD KINGDOM,Terry Goodkind,1
A SCOT IN THE DARK,Sarah MacLean,1
BEL-AIR DEAD,Stuart Woods,1
ROBERT B. PARKER'S DEBT TO PAY,Reed Farrel Coleman,1
A VISIT FROM THE GOON SQUAD,Jennifer Egan,1
CRAVE,Liliana Hart,1
THE KILL SWITCH,James Rollins and Grant Blackwood,1
SILVER BASTARD,Joanna Wylde,1
HEARTBREAK HOTEL,Jonathan Kellerman,1
TAKE ME,J Kenner,1
QUINN,Iris Johansen,1
A LESSON IN SECRETS,Jacqueline Winspear,1
SEVERED SOULS,Terry Goodkind,1
THRILL ME,Susan Mallery,1
WRATH,Laurann Dohner,1
MIGHTIER THAN THE SWORD,Jeffrey Archer,1
A LEAF ON THE WIND OF ALL HALLOWS,Diana Gabaldon,1
NUMBERS,Laurann Dohner,1
BEAUTIFUL BEGINNING,Christina Lauren,1
FRIENDS — AND THEN SOME,Debbie Macomber,1
THE MARRIAGE OF OPPOSITES,Alice Hoffman,1
SECRET SISTERS,Jayne Ann Krentz,1
JOURNEY TO MUNICH,Jacqueline Winspear,1
ROBERT B. PARKER'S KICKBACK,Ace Atkins,1
UNSEEN,Karin Slaughter,1
CAT'S LAIR,Christine Feehan,1
BLOOD INFERNAL,James Rollins and Rebecca Cantrell,1
FOUR FRIENDS,Ron Carr,1
LIVE WIRE,Lora Leigh,1
MUSIC OF THE HEART,Katie Ashley,1
BREAKING THE RULES,Suzanne Brockmann,1
THE ORACLE GLASS,Judith Merkle Riley,1
THE BITTER SEASON,Tami Hoag,1
STYGIAN'S HONOR,Lora Leigh,1
A GENTLEMAN NEVER TELLS,Eloisa James,1
COCKROACHES,Jo Nesbo,1
ONE LUCKY VAMPIRE,Lynsay Sands,1
THE POSTMISTRESS,Sarah Blake,1
THE PLAYER,Kresley Cole,1
SLADE HOUSE,David Mitchell,1
BEAUTIFUL STRANGER,Christina Lauren,1
DAY SHIFT,Charlaine Harris,1
IMMORTAL,J R Ward,1
YOUR NEXT BREATH,Iris Johansen,1
NIGHT FILM,Marisha Pessl,1
D.C. DEAD,Stuart Woods,1
THE MAGICIAN'S ASSISTANT,Ann Patchett,1
EGOMANIAC,Vi Keeland,1
DEEP DARK,Laura Griffin,1
QUEEN OF FIRE,Anthony Ryan,1
THE POWER TRIP,Jackie Collins,1
TELEGRAPH AVENUE,Michael Chabon,1
THE HOUSE OF SECRETS,Brad Meltzer and Tod Goldberg,1
BECAUSE YOU ARE MINE PART V,Beth Kery,1
THE MINOR ADJUSTMENT BEAUTY SALON,Alexander McCall Smith,1
CRASH AND BURN,Fern Michaels,1
SAVE THE DATE,Mary Kay Andrews,1
CREED'S HONOR,Linda Lael Miller,1
EARTH BOUND,Christine Feehan,1
CURVES 'EM RIGHT,Milly Taiden,1
LEFT FOR DEAD,J A Jance,1
A LAST GOODBYE,J A Jance,1
BABYLON'S ASHES,James S A Corey,1
SEX MACHINE,Marie Force,1
NO GOOD DUKE GOES UNPUNISHED,Sarah MacLean,1
GOLDEN LIES,Barbara Freethy,1
JACI BURTON THE KENT BROTHERS TRILOGY,Jaci Burton,1
DEATH OF KINGS,Bernard Cornwell,1
DEEP,Kylie Scott,1
EVE,Iris Johansen,1
MULBERRY MOON,Catherine Anderson,1
TRUE BLUE AND CARRERA’S BRIDE,Diana Palmer,1
UP FROM THE GRAVE,Jeaniene Frost,1
LOTHAIRE,Kresley Cole,1
DARKER AFTER MIDNIGHT,Lara Adrian,1
LOGAN KADE,Tijan,1
SUMMER AT WILLOW LAKE,Susan Wiggs,1
CLAIM ME,J Kenner,1
SPICE BOX,Raine Miller_ Cathryn Fox and others,1
KIAN,Tijan,1
CHRISTMAS AT TIMBERWOODS,Fern Michaels,1
PIRATE LATITUDES,Michael Crichton,1
ONCE IN A LIFETIME,Jill Shalvis,1
FOUR WEEK FIANCÉ,JS Cooper,1
UNTIL JUNE,Aurora Rose Reynolds,1
RUMOR HAS IT,Jill Shalvis,1
LILA,Marilynne Robinson,1
THE HOMECOMING,Ron Carr,1
BOUNTY,Kristen Ashley,1
SAY YOU'RE SORRY,Michael Robotham,1
BURNING DAWN,Gena Showalter,1
THE BOSTON GIRL,Anita Diamant,1
A PARIS APARTMENT,Michelle Gable,1
ONLY TIME WILL TELL,Jeffrey Archer,1
AFTER DEAD,Charlaine Harris,1
CUT AND THRUST,Stuart Woods,1
FATE OF THE JEDI: APOCALYPSE,Troy Denning,1
OBSIDIAN,Laurann Dohner,1
MAYBE SOMEDAY,Colleen Hoover,1
TIME UNTIME,Sherrilyn Kenyon,1
NOBODY BUT YOU,Jill Shalvis,1
WEDDING NIGHT,Sophie Kinsella,1
CLOSE TO YOU,Kristen Pro,1
MAGIC BINDS,Ilona Andrews,1
AIR BOUND,Christine Feehan,1
AND THEN SHE FELL,Stephanie Laurens,1
TRUST IN ME,J Lynn,1
WHAT DOESN'T KILL YOU,Iris Johansen,1
HOTEL ON THE CORNER OF BITTER AND SWEET,Jamie Ford,1
LOVE_ LAUGHTER_ AND STEAMY EVER AFTERS,Bella Andre_ Melissa Foster and others,1
EDGE OF DARKNESS,Christine Feehan_ Maggie Shayne and Lori Herter,1
LOCKE,Harper Sloan,1
THE MEMORY BOX,Eva Natiello,1
CATALYST,James Luceno,1
APRIL,Audrey Carlan,1
ICE COLD,Tess Gerritsen,1
SIMPLE PERFECTION,Abbi Glines,1
THE 9TH GIRL,Tami Hoag,1
ROBERT B. PARKER'S THE DEVIL WINS,Reed Farrel Coleman,1
OBSESSION,Helen Hardt,1
A FEAST FOR CROWS,George R R Martin,1
BEAUTIFUL BURN,Jamie McGuire,1
MELTING THE ICE,Jaci Burton,1
THE FORGOTTEN SOLDIER,Brad Taylor,1
A LAND MORE KIND THAN HOME,Wiley Cash,1
THE STORY OF SON,J R Ward,1
THE SANTANGELOS,Jackie Collins,1
CRIMSON DEATH,Laurell K Hamilton,1
HEROES ARE MY WEAKNESS,Susan Elizabeth Phillips,1
ALPHA BAD BOYS,Shayla Black and others,1
I LOVE HOW YOU LOVE ME,Bella Andre,1
LIGHT AFTER DARK,Marie Force,1
NEVER JUDGE A LADY BY HER COVER,Sarah MacLean,1
SISTERHOOD EVERLASTING,Ann Brashares,1
MOONLIGHT ON NIGHTINGALE WAY,Samantha Young,1
THE CIRCLE,Dave Eggers,1
MY KIND OF CHRISTMAS,Ron Carr,1
THE CHILDREN ACT,Ian McEwan,1
HOW TO DRIVE A DRAGON CRAZY,G A Aiken,1
FOOL'S QUEST,Robin Hobb,1
CHINA DOLLS,Lisa See,1
AN ENGAGEMENT IN SEATTLE,Debbie Macomber,1
LAWE'S JUSTICE,Lora Leigh,1
SWEET TOOTH,Ian McEwan,1
THE INFORMATIONIST,Taylor Stevens,1
SNIPER'S HONOR,Stephen Hunter,1
PRECIOUS AND GRACE,Alexander McCall Smith,1
HEAT WAVE,Richard Castle,1
SWEETBITTER,Stephanie Danler,1
FROM SANCTUM WITH LOVE,Lexi Blake,1
SUBMISSION IS NOT ENOUGH,Lexi Blake,1
FOUR NIGHTS WITH THE DUKE,Eloisa James,1
CHANGE OF HEART,Jude Deveraux,1
WANTED: UNDEAD OR ALIVE,Kerrelyn Sparks,1
ELEGY FOR EDDIE,Jacqueline Winspear,1
AND I LOVE HER,Marie Force,1
TIGER,Laurann Dohner,1
THE CIDER HOUSE RULES,John Irving,1
WISH YOU WELL,David Baldacci,1
WINTER STROLL,Elin Hilderbrand,1
THE WHITES,Richard Price writing as Harry Brandt,1
THE APPLE ORCHARD,Susan Wiggs,1
RECKLESS,S C Stephens,1
BARE IT ALL,Lori Foster,1
BECAUSE YOU ARE MINE PART VII,Beth Kery,1
FATED MATES_ THE ALPHA SHIFTER BOXED SET,Skye Eagleday,1
THE ART OF RACING IN THE RAIN,Garth Stein,1
KISS ME,Susan Mallery,1
SAMURAI GAME,Christine Feehan,1
WAYFARING STRANGER,James Lee Burke,1
THE OCTOBER LIST,Jeffery Deaver,1
THE SENSE OF AN ENDING,Julian Barnes,1
WHAT IT WAS,George Pelecanos,1
STORMY PERSUASION,Johanna Lindsey,1
ONLY A PROMISE,Mary Balogh,1
DEVIL'S GAME,Joanna Wylde,1
THE NIGHT ETERNAL,Guillermo del Toro and Chuck Hogan,1
THE GIRL WHO CHASED THE MOON,Sarah Addison Allen,1
THE PERFECT HUSBAND,Lisa Gardner,1
ODD INTERLUDE #3,Dean Koontz,1
DOWNFALL,J A Jance,1
WORLD GONE BY,Dennis Lehane,1
DARK SKYE,Kresley Cole,1
THE BEAUTIFUL MYSTERY,Louise Penny,1
GIDEON’S SWORD,Douglas Preston and Lincoln Child,1
BONES OF THE LOST,Kathy Reichs,1
THE BURIED GIANT,Kazuo Ishiguro,1
DOWN LONDON ROAD,Samantha Young,1
A PERFECT STORM,Lori Foster,1
REDEPLOYMENT,Phil Klay,1
THE SAFE MAN,Michael Connelly,1
IN YOUR DREAMS,Kristan Higgins,1
WELL HUNG,Lauren Blakely,1
DISHONORABLE INTENTIONS,Stuart Woods,1
TRUE,Laurann Dohner,1
THE POLARIS PROTOCOL,Brad Taylor,1
JUDGMENT CALL,J A Jance,1
POINT BLANK,Fern Michaels,1
NO FORTUNATE SON,Brad Taylor,1
THE EYE OF MOLOCH,Glenn Beck,1
GIRL MISSING,Tess Gerritsen,1
FALLING FOR MY BOSS,J S Cooper and Helen Cooper,1
MAGIC BREAKS,Ilona Andrews,1
YOURS FOR CHRISTMAS,Susan Mallery,1
BEAUTIFUL BITCH,Christina Lauren,1
NEVER LOVE A HIGHLANDER,Maya Banks,1
LOVE UNREHEARSED,Tina Reber,1
DARK WILD NIGHT,Christina Lauren,1
LILAC GIRLS,Martha Hall Kelly,1
SHADOW’S CLAIM,Kresley Cole,1
BEAUTIFUL,Christina Lauren,1
DAYS OF RAGE,Brad Taylor,1
BECAUSE YOU ARE MINE_ PART VIII,Beth Kery,1
HERE I AM,Jonathan Safran Foer,1
BIG SKY COUNTRY,Linda Lael Miller,1
CINNAMON ROLL MURDER,Joanne Fluke,1
THE IMMORTAL WHO LOVED ME,Lynsay Sands,1
FOOL MOON,Jim Butcher,1
AFTER THIS NIGHT,Lauren Blakely,1
MOONLIGHT COVE,Sherryl Woods,1
TOUGH LOVE,Lori Foster,1
I SAW HER STANDING THERE,Marie Force,1
BLUEPRINTS,Barbara Delinsky,1
TOTAL CONTROL,David Baldacci,1
ONLY YOURS,Susan Mallery,1
HARDLINE,Meredith Wild,1
THE EYE OF GOD,James Rollins,1
NIGHT AFTER NIGHT,Lauren Blakely,1
WALK THROUGH FIRE,Kristen Ashley,1
ANYTHING FOR YOU,Kristan Higgins,1
HEARTBREAKER,Linda Howard,1
MISSION TO PARIS,Alan Furst,1
ONLY HIS,Susan Mallery,1
SHADOW RIDER,Christine Feehan,1
INDESTRUCTIBLE,Angela Graham,1
THE JEALOUS KIND,James Lee Burke,1
FROZEN HEAT,Richard Castle,1
A GAME OF THRONES: FIVE-BOOK SET,George R R Martin,1
BE WITH ME,J Lynn,1
A BREWING STORM,Richard Castle,1
THIS WAS A MAN,Jeffrey Archer,1
A TASTE FOR DEATH,P D James,1
SWEET RUIN,Kresley Cole,1
SOARING,Kristen Ashley,1
WITH EVERY BREATH,Maya Banks,1
EXPOSED,Kyra Davis,1
FOUR WEDDINGS AND A FIASCO BOXED SET,Lucy Kevin,1
PLAYING WITH FIRE,Tess Gerritsen,1
THIRTY-SIX AND A HALF MOTIVES,Denise Grover Swank,1
THE LEFTOVERS,Tom Perrotta,1
HAVE ME,J Kenner,1
THE HANDSOME MAN'S DE LUXE CAFÉ,Alexander McCall Smith,1
A BUCCANEER AT HEART,Stephanie Laurens,1
THE HOT ZONE,Jayne Castle,1
A DEADLY WEB,Kay Hooper,1
GRAVE PERIL,Jim Butcher,1
ALWAYS A COWBOY,Linda Lael Miller,1
CROSS ROADS,Wm Paul Young,1
WORTH THE FIGHT,Vi Keeland,1
REASONABLE DOUBT FULL SERIES,Whitney Gracia Williams,1
UNDER THE DOME_ PART 1,Stephen King,1
MARRY ME AT CHRISTMAS,Susan Mallery,1
THE OLD REPUBLIC: REVAN,Drew Karpyshyn,1
THE GUESTS ON SOUTH BATTERY,Karen White,1
WICKED SEXY LIAR,Christina Lauren,1
EDGE OF DAWN,Lara Adrian,1
VIRTUOUS,M S Force,1
CORPS SECURITY: THE SERIES,Harper Sloan,1
DEADLY ASSETS,W E B Griffin and William E Butterworth IV,1
THE UNLIKELY PILGRIMAGE OF HAROLD FRY,Rachel Joyce,1
THE PATRIOT THREAT,Steve Berry,1
THE WEDNESDAY SISTERS,Meg Waite Clayton,1
ADDICTED,Tracy Wolff,1
TO DIE FOR,Jana DeLeon and others,1
PROTECTING JESSYKA,Susan Stoker,1
THE SWANS OF FIFTH AVENUE,Melanie Benjamin,1
THE SUMMER BEFORE THE WAR,Helen Simonson,1
BILLIONAIRE UNKNOWN,J S Scott,1
MIDNIGHT IN EUROPE,Alan Furst,1
THE WITCH WITH NO NAME,Kim Harrison,1
THE LOST ISLAND,Douglas Preston and Lincoln Child,1
TERMINAL CITY,Linda Fairstein,1
BIG SKY WEDDING,Linda Lael Miller,1
MOON,Laurann Dohner,1
BEAUTIFUL BELOVED,Christina Lauren,1
BURN FOR ME,Ilona Andrews,1
WAITING ON YOU,Kristan Higgins,1
LEAVING,Karen Kingsbury,1
STILL THE ONE,Jill Shalvis,1
THE ASSASSINATION OPTION,W E B Griffin and William E Butterworth IV,1
BONES NEVER LIE,Kathy Reichs,1
ASA,Jay Crownover,1
LIGHT OF THE WORLD,James Lee Burke,1
THE WAGER,Rachel Van Dyken,1
DISTANT SHORES,Kristin Hannah,1
A WICKED SNOW,Gregg Olsen,1
SLEEP NO MORE,Iris Johansen,1
TO WED A WILD LORD,Sabrina Jeffries,1
LONGING,Karen Kingsbury,1
THE WILL,Kristen Ashley,1
A LADY NEVER SURRENDERS,Sabrina Jeffries,1
ONE FELL SWEEP,Ilona Andrews,1
DREAM LAKE,Lisa Kleypas,1
THE SATURDAY BIG TENT WEDDING PARTY,Alexander McCall Smith,1
MARKED IN FLESH,Anne Bishop,1
KISSES AFTER DARK,Marie Force,1
ONE NIGHT: DENIED,Jodi Ellen Malpas,1
SHOPPING FOR A BILLIONAIRE,Julia Kent,1
CHASING SUNSETS,Karen Kingsbury,1
SECRETS COLLIDE,Kathleen Brooks,1
NUTSHELL,Ian McEwan,1
REASONABLE DOUBT,Whitney Gracia Williams,1
EIGHTH GRAVE AFTER DARK,Darynda Jones,1
JUST LIKE HEAVEN,Julia Quinn,1
REAMDE,Neal Stephenson,1
UNTIL I BREAK,M Leighton,1
TAKE DOWN,Fern Michaels,1
THE SUMMER'S END,Mary Alice Monroe,1
NIGHT WATCH,Iris Johansen and Roy Johansen,1
PHANTOM,Ted Bell,1
WYOMING BRAVE,Diana Palmer,1
ACCIDENTALLY ON PURPOSE,Jill Shalvis,1
THE KINGMAKER’S DAUGHTER,Philippa Gregory,1
EMPIRE AND HONOR,W E B Griffin and William E Butterworth IV,1
SUMMER NIGHTS,Susan Mallery,1
WANTED,J Kenner,1
STORM FRONT,Jim Butcher,1
LISTEN TO ME,Kristen Pro,1
FORGET ME NOT,Fern Michaels,1
SPEAKING IN BONES,Kathy Reichs,1
MASTERED,Opal Carew and others,1
SATURN RUN,John Sandford and Ctein,1
DREAM EYES,Jayne Ann Krentz,1
MONSTER ________,Kendall Ryan,1
THE MISTLETOE SECRET,Richard Paul Evans,1
HIGHLANDER MOST WANTED,Maya Banks,1
THE KILL LIST,Frederick Forsyth,1
CLOSE TO HOME,Lisa Jackson,1
CREOLE BELLE,James Lee Burke,1
A BEAUTIFUL FUNERAL,Jamie McGuire,1
THE KING'S CURSE,Philippa Gregory,1
LOST LAKE,Sarah Addison Allen,1
WARDS OF FAERIE,Terry Brooks,1
DARKNESS,Laurann Dohner,1
A DEEPER LOVE INSIDE,Sister Souljah,1
FEVERBORN,Karen Marie Moning,1
IGNITED,J Kenner,1
BROKEN,Kelly Elliott,1
RUNAWAY VAMPIRE,Lynsay Sands,1
THE SHADOW OF YOUR SMILE,Mary Higgins Clark,1
LOVE AFTER DARK,Marie Force,1
GHOSTS OF WAR,Brad Taylor,1
BLACKBERRY PIE MURDER,Joanne Fluke,1
FACEOFF,edited  David Baldacci,1
SACRÉ BLEU,Christopher Moore,1
THE LUMINARIES,Eleanor Catton,1
THE UNQUIET,JD Robb_ Mary Blayney_ Patricia Gaffney_ Ruth Ryan Langan and Mary Kay McComas,1
THE SUPREME MACARONI COMPANY,Adriana Trigiani,1
ORPHAN #8,Kim van Alkemade,1
PULSE - PART FOUR,Deborah Bladon,1
FIGHTING TO FORGET,JB Salsbury,1
DEADLY STAKES,J A Jance,1
SCORCHED,Melody Anne,1
RESCUE ME,Rachel Gibson,1
THREE_ TWO_ ONE (321),J A Huss,1
THE BONESETTER'S DAUGHTER,Amy Tan,1
THE NEIGHBOR,Dean Koontz,1
DEADLY HEAT,Richard Castle,1
SILENT RUN,Barbara Freethy,1
DOGWOOD HILL,Sherryl Woods,1
KISS OF CHRISTMAS MAGIC,Eve Langlais_ Aubrey Rose_ Molly Prince and others,1
MORNING STAR,Pierce Brown,1
VERONICA MARS: MR. KISS AND TELL,Rob Thomas and Jennifer Graham,1
I WANT TO HOLD YOUR HAND,Marie Force,1
CONFESS,Colleen Hoover,1
AFLAME,Penelope Douglas,1
FERAL HEAT,Jennifer Ashley,1
THE 7TH MONTH,Lisa Gardner,1
FAST AND LOOSE,Fern Michaels,1
MAGIC SLAYS,Ilona Andrews,1
ONE GRAVE AT A TIME,Jeaniene Frost,1
LOST DECEMBER,Richard Paul Evans,1
IN PLAIN SIGHT,Fern Michaels,1
THE PURSUIT,Janet Evanovich and Lee Goldberg,1
GOLDEN SON,Pierce Brown,1
WARRIORS,Ted Bell,1
HIDDEN SUMMIT,Ron Carr,1
IT'S IN HIS KISS,Jill Shalvis,1
THE BLOOD MIRROR,Brent Weeks,1
WAR HAWK,James Rollins and Grant Blackwood,1
THE SLOW REGARD OF SILENT THINGS,Patrick Rothfuss,1
ROCK CHICK REVOLUTION,Kristen Ashley,1
LIVE TO SEE TOMORROW,Iris Johansen,1
SHIFTING SHADOWS,Patricia Briggs,1
MODERN LOVERS,Emma Straub,1
SUMMER FIRE,Gennita Low,1
FIRST FROST,Sarah Addison Allen,1
THE LIMPOPO ACADEMY OF PRIVATE DETECTION,Alexander McCall Smith,1
PUCKED,Helena Hunting,1
THE KEEPER,John Lescroart,1
THE SEXY ONE,Lauren Blakely,1
TAKE A CHANCE,Abbi Glines,1
REMAINS OF INNOCENCE,J A Jance,1
THE SHADOWS,J R Ward,1
LOSING HOPE,Colleen Hoover,1
MIRACLE AT AUGUSTA,James Patterson and Peter De Jonge,1
HAUNTED DESTINY,Heather Graham,1
HAZARDOUS DUTY,W E B Griffin and William E Butterworth IV,1
WHERE I BELONG,J Daniels,1
HOTSHOT,Julie Garwood,1
THE BEAST,Faye Kellerman,1
FINAL HOUR,Dean Koontz,1
A PRAYER FOR OWEN MEANY,John Irving,1
NEW LEAF,Catherine Anderson,1
A PERFECT BLOOD,Kim Harrison,1
EVENING STARS,Susan Mallery,1
A FOOL'S GOLD CHRISTMAS,Susan Mallery,1
LEFT TO DIE,Lisa Jackson,1
THE RETURN OF RAFE MACKADE,Nora Roberts,1
VAIN - PART THREE,Deborah Bladon,1
ROBERT B. PARKER'S CHEAP SHOT,Ace Atkins,1
ONLY ENCHANTING,Mary Balogh,1
THE RESOLUTION OF CALLIE AND KAYDEN,Jessica Sorensen,1
DECEPTION COVE,Jayne Castle,1
PORCH LIGHTS,Dorothea Benton Frank,1
SHADOW BORN,Jasmine Walt and Rebecca Hamilton,1
THE EVER AFTER OF ELLA AND MICHA,Jessica Sorensen,1
THE DESTINY OF VIOLET & LUKE (CALLIE & KAYDEN),Jessica Sorensen,1
SIREN'S CALL,Jayne Castle,1
ZACK,Sawyer Bennett,1
DIRTY ROWDY THING,Christina Lauren,1
12-ALARM COWBOYS,Cora Seton and others,1
TOTAL SURRENDER,Rebecca Zanetti,1
THE SENTRY,Robert Crais,1
LEAD,Kylie Scott,1
NEVER TOO FAR,Abbi Glines,1
WIRED,Douglas E Richards,1
THE HOUSE ON OLIVE STREET,Ron Carr,1
MAGIC SHIFTS,Ilona Andrews,1
MACRIEVE,Kresley Cole,1
BEAUTIFUL REDEMPTION,Jamie McGuire,1
ROBERT B. PARKER'S SLOW BURN,Ace Atkins,1
BEST OF MY LOVE,Susan Mallery,1
PROTECTING MELODY,Susan Stoker,1
THE FOREVER OF ELLA AND MICHA,Jessica Sorensen,1
THE GOLEM AND THE JINNI,Helene Wecker,1
HOLD ON,Kristen Ashley,1
ENVY,JR Ward,1
NOVEMBER 9,Colleen Hoover,1
THE CHAPERONE,Laura Moriarty,1
THE SOLOMON CURSE,Clive Cussler and Russell Blake,1
HUNTING EVE,Iris Johansen,1
IT MUST BE YOUR LOVE,Bella Andre,1
FAST TRACK,Julie Garwood,1
THE ANGELS' SHARE,J R Ward,1
MEANT FOR LOVE,Marie Force,1
THE COMPLETE GILLIAN FLYNN,Gillian Flynn,1
FATAL SCANDAL,Marie Force,1
SILENCING EVE,Iris Johansen,1
KISS AND TELL,Fern Michaels,1
THE MARRIAGE MISTAKE,Jennifer Probst,1
BIG SKY SECRETS,Linda Lael Miller,1
HOME TO SEAVIEW KEY,Sherryl Woods,1
FOURTH DEBT,Pepper Winters,1
STATE OF FEAR,Michael Crichton,1
ALL SHE EVER WANTED,Barbara Freethy,1
ROBERT B. PARKER’S KILLING THE BLUES,Michael Brandman,1
INTO THE FIRESTORM,Kat Martin,1
LADIES' NIGHT,Mary Kay Andrews,1
IT'S ONLY LOVE,Marie Force,1
THE TEHRAN INITIATIVE,Joel C Rosenberg,1
MINE,Katy Evans,1
BROKEN HARBOR,Tana French,1
DEADLY DOZEN,Diane Capri_ J Carson Black and others,1
PREY,Michael Crichton,1
THE HIGHWAYMAN,Craig Johnson,1
ROBERT B. PARKER'S BLIND SPOT,Reed Farrel Coleman,1
ABOUT A VAMPIRE,Lynsay Sands,1
THE GREAT ESCAPE,Susan Elizabeth Phillips,1
MANWHORE +1,Katy Evans,1
AFTER THE STORM,Maya Banks,1
A BAXTER FAMILY CHRISTMAS,Karen Kingsbury,1
SIXTH GRAVE ON THE EDGE,Darynda Jones,1
BACK TO BLOOD,Tom Wolfe,1
FATAL ERROR,JA Jance,1
CONVICTION,Aaron Allston,1
SUMMER SECRETS,Jane Green,1
UNLOCKED,Maya Cross,1
GUNMETAL GRAY,Mark Greaney,1
THE ALLOY OF LAW,Brandon Sanderson,1
DASH OF PERIL,Lori Foster,1
THE SHADOW PATROL,Alex Berenson,1
AVENUE OF MYSTERIES,John Irving,1
BEAUTIFUL RUINS,Jess Walter,1
THE SLEEPWALKER,Chris Bohjalian,1
THE SHOEMAKER’S WIFE,Adriana Trigiani,1
CHRISTMAS CARAMEL MURDER,Joanne Fluke,1
PRIVATE INDIA,James Patterson and Ashwin Sanghi,1
THE ARRANGEMENT 15,H M Ward,1
BORN OF DEFIANCE,Sherrilyn Kenyon,1
THE GIRLS OF MISCHIEF BAY,Susan Mallery,1
THE FORGOTTEN,Heather Graham,1
ADULTERY,Paulo Coelho,1
SILENT MERCY,Linda Fairstein,1
TOP SECRET,W E B Griffin and William E Butterworth IV,1
THE SHADOWY HORSES,Susanna Kearsley,1
EVERYTHING FOR US,M Leighton,1
DARK PROMISES,Christine Feehan,1
DADDY'S GIRL,Lisa Scottoline,1
SHADOW WOMAN,Linda Howard,1
GARDEN OF LIES,Amanda Quick,1
KALEIDOSCOPE,Kristen Ashley,1
MIDNIGHT CROSSROAD,Charlaine Harris,1
HARD LIMIT,Meredith Wild,1
LETHAL RIDER,Larissa Ione,1
THE PROMISE,Kristen Ashley,1
FIFTEEN MINUTES,Karen Kingsbury,1
STONE COLD,C J Box,1
ALL I WANT,Jill Shalvis,1
STEALING HARPER,Molly McAdams,1
MURDER 101,Faye Kellerman,1
VALOROUS,M S Force,1
THE WEDDING,Nicholas Sparks,1
DARK LYCAN,Christine Feehan,1
LUCKY PENNY,Catherine Anderson,1
DOUBLE DARE,R L Mathewson,1
ROSE HARBOR IN BLOOM,Debbie Macomber,1
SHADOW,Laurann Dohner,1
THE KING'S DECEPTION,Steve Berry,1
THE PAYING GUESTS,Sarah Waters,1
TRUE LOVE,Jude Deveraux,1
BLOOD VOW,J R Ward,1
SON OF NO ONE,Sherrilyn Kenyon,1
EYES WIDE OPEN,Raine Miller,1
FAIR GAME,Patricia Briggs,1
COME HOME,Lisa Scottoline,1
HEARTS AFLAME,Johanna Lindsey,1
WINTER GARDEN,Kristin Hannah,1
SUMMER ISLAND,Kristin Hannah,1
A BRUSH OF WINGS,Karen Kingsbury,1
TRICKED,Kevin Hearne,1
A HERO OF FRANCE,Alan Furst,1
UNNATURAL ACTS,Stuart Woods,1
THE BONE SEASON,Samantha Shannon,1
DRIVING HEAT,Richard Castle,1
CRASHED,K Bromberg,1
EVER AFTER,Kim Harrison,1
FOLLY BEACH,Dorothea Benton Frank,1
IF I DIDN'T KNOW BETTER,Barbara Freethy,1
LETTING GO,Maya Banks,1
ARCHANGEL’S CONSORT,Nalini Singh,1
DOMINANCE NEVER DIES,Lexi Blake,1
SWING TIME,Zadie Smith,1
THE BANDS OF MOURNING,Brandon Sanderson,1
KISS THE DEAD,Laurell K Hamilton,1
WARHEART,Terry Goodkind,1
ONCE A RANCHER,Linda Lael Miller,1
GIVE IN TO ME,KM Scott,1
ROBERT B. PARKER’S LULLABY,Ace Atkins,1
ARCHANGEL'S HEART,Nalini Singh,1
SOLITUDE CREEK,Jeffery Deaver,1
NASH,Jay Crownover,1
DRY BONES,Craig Johnson,1
THE BEAST,J R Ward,1
REVENGE,Lisa Jackson,1
A DANGEROUS PLACE,Jacqueline Winspear,1
UNLOCKED,Courtney Milan,1
DIRTY,Kylie Scott,1
LITTLE BLACK DRESS,James Patterson and Emily Raymond,1
BEAUTIFUL BOMBSHELL,Christina Lauren,1
A DELICATE TRUTH,John le Carre,1
HAVEN,Kay Hooper,1
BRING UP THE BODIES,Hilary Mantel,1
THE CITY,Dean Koontz,1
PARIS,Edward Rutherfurd,1
MOONSHOT,Alessandra Torre,1
NEVERWINTER,R A Salvatore,1
THE BAT,Jo Nesbo,1
FOREVER WITH ME,Kristen Pro,1
THE GOLEM OF HOLLYWOOD,Jonathan Kellerman and Jesse Kellerman,1
MANAGED,Kristen Callihan,1
LEOPARD'S FURY,Christine Feehan,1
FINDING JAKE,Bryan Reardon,1
THE LOST KEY,Catherine Coulter and J T Ellison,1
16 LIGHTHOUSE ROAD,Debbie Macomber,1
THE HOUSE GIRL,Tara Conklin,1
DOMINATED,Maya Banks,1
ONCE BURNED,Jeaniene Frost,1
STYXX,Sherrilyn Kenyon,1
SURVIVORS,James Wesley_ Rawles,1
THE AERONAUT'S WINDLASS,Jim Butcher,1
ILLUSION TOWN,Jayne Castle,1
THE TEMPTATION OF LILA AND ETHAN,Jessica Sorensen,1
MONSTERS IN THE DARK,Pepper Winters,1
ICED,Karen Marie Moning,1
MOVING TARGET,J A Jance,1
ALL SUMMER LONG,Susan Mallery,1
THE SECRET HISTORY OF TWIN PEAKS,Mark Frost,1
FALL FROM GRACE,Richard North Patterson,1
THE ARRANGEMENT 14,H M Ward,1
THE TAMING OF THE QUEEN,Philippa Gregory,1
THE ARRANGEMENT 7,HM Ward,1
PLUM ISLAND,Nelson DeMille,1
THE MAGICIAN'S LAND,Lev Grossman,1
DEEP STORM,Lincoln Child,1
THE MURDER OF MARY RUSSELL,Laurie R King,1
PROS AND CONS,Janet Evanovich and Lee Goldberg,1
ARCHER'S VOICE,Mia Sheridan,1
THE SECRET PLACE,Tana French,1
FEAR THE DARK,Kay Hooper,1
SWEET LITTLE LIES,Jill Shalvis,1
HALFWAY THERE,Susan Mallery,1
ARMADA,Ernest Cline,1
WELCOME TO NIGHT VALE,Joseph Fink and Jeffrey Cranor,1
PLAYING THE ODDS,Nora Roberts,1
DON'T GO,Lisa Scottoline,1
SUMMER DAYS,Susan Mallery,1
MR. PRESIDENT,Katy Evans,1
FATAL FRENZY,Marie Force,1
THE ARRANGEMENT 10,HM Ward,1
LIFE DEBT: AFTERMATH,Chuck Wendig,1
JEWELS OF THE SUN,Nora Roberts,1
BLEEDING EDGE,Thomas Pynchon,1
BEACH TOWN,Mary Kay Andrews,1
WHITE TIGER,Jennifer Ashley,1
SHADOW OF VICTORY,David Weber,1
THE MISTAKE,Elle Kennedy,1
VAMPIRE MINE,Kerrelyn Sparks,1
THE DARKEST SURRENDER,Gena Showalter,1
ANY OTHER NAME,Craig Johnson,1
MR. MIRACLE,Debbie Macomber,1
TWELVE DAYS OF CHRISTMAS,Debbie Macomber,1
DESIRE AFTER DARK,Marie Force,1
THE SURGEON,Tess Gerritsen,1
BEACH LANE,Sherryl Woods,1
TRACE OF FEVER,Lori Foster,1
FIRE BOUND,Christine Feehan,1
THE ARRANGEMENT 9: THE FERRO FAMILY,H M Ward,1
LOST AND FOUND IN CEDAR COVE,Debbie Macomber,1
THE LIFE SHE WANTS,Ron Carr,1
THE FALL,John Lescroart,1
COVERT WARRIORS,WEB Griffin and William E Butterworth IV,1
TAMING THE ALPHA,Mandy M Roth_ Michelle M Pillow and others,1
DARK HEIR,Faith Hunter,1
ESCAPE,Barbara Delinsky,1
FOR ALL TIME,Jude Deveraux,1
MIRROR_ MIRROR,JD Robb and others,1
VERONICA MARS: THE THOUSAND-DOLLAR TAN LINE,Rob Thomas and Jennifer Graham,1
CORRUPTED,Lisa Scottoline,1
RANDOM ACTS,J A Jance,1
CARTER REED,Tijan,1
THE WOLVES,Alex Berenson,1
DANCE OF THE BONES,J A Jance,1
FOREVER WITH YOU,Laurelin Paige,1
POWER GAME,Christine Feehan,1
RULE BREAKER,Lora Leigh,1
ALWAYS ON MY MIND,Jill Shalvis,1
TRAPPED,Kevin Hearne,1
PICTURE PERFECT,Jodi Picoult,1
DEVIL'S BRIDGE,Linda Fairstein,1
SOFT TARGET,Stephen Hunter,1
NO LIMITS,Lori Foster,1
THE SUBSTITUTE,Denise Grover Swank,1
TWO OF A KIND,Susan Mallery,1
ROYALLY SCREWED,Emma Chase,1
TRUST NO ONE,Jayne Ann Krentz,1
LIKE A MIGHTY ARMY,David Weber,1
BLACKBERRY WINTER,Sarah Jio,1
MANWHORE,Katy Evans,1
ADMISSION,Jean Hanff Korelitz,1
THE HUSBAND LIST,Janet Evanovich and Dorien Kelly,1
HUDSON,Laurelin Paige,1
DARKEST JOURNEY,Heather Graham,1
COWBOY 12 PACK,Elle James,1
BLOODFIRE QUEST,Terry Brooks,1
BURNED,Karen Marie Moning,1
THE MASTER,Kresley Cole,1
DEEP BLUE,Randy Wayne White,1
DOWN THE DARKEST ROAD,Tami Hoag,1
ARCHANGEL'S SHADOWS,Nalini Singh,1
THE UGLY DUCHESS,Eloisa James,1
IRISH THOROUGHBRED,Nora Roberts,1
FRANKENSTEIN: THE DEAD TOWN,Dean Koontz,1
AS CHIMNEY SWEEPERS COME TO DUST,Alan Bradley,1
THE ACCIDENTAL EMPRESS,Allison Pataki,1
EVER AFTER,Jude Deveraux,1
BAD WOLF,Jennifer Ashley,1
ANGELS AT THE TABLE,Debbie Macomber,1
MARRIAGE GAMES,C D Reiss,1
SEVEN MINUTES IN HEAVEN,Eloisa James,1
SWEET ACHE,K Bromberg,1
JUST ONE KISS,Susan Mallery,1
BONEMAN'S DAUGHTERS,Ted Dekker,1
NOW THAT I'VE FOUND YOU,Bella Andre,1
SOMEONE TO HOLD,Mary Balogh,1
THE SON,Jo Nesbo,1
THE HIDDEN,Heather Graham,1
GETTING ROWDY,Lori Foster,1
BY ITS COVER,Donna Leon,1
ARCHANGEL'S ENIGMA,Nalini Singh,1
BOUND BY FLAMES,Jeaniene Frost,1
THE NAKED EYE,Iris Johansen and Roy Johansen,1
THOUGHTFUL,S C Stephens,1
DARK WOLF,Christine Feehan,1
WHAT SHE KNEW,Gilly Macmillan,1
HOME FREE,Fern Michaels,1
KEEP ME SAFE,Maya Banks,1
MAGIC AND MAYHEM,Jasmine Walt,1
PROMISE OF FOREVER,Jessica Wood,1
BLOOD KISS,J R Ward,1
THE HOUSE WE GREW UP IN,Lisa Jewell,1
THE ARRANGEMENT 11,H M Ward,1
THE THIRD BULLET,Stephen Hunter,1
DARK HUMANITY,Gwynn White and various authors,1
THE GOAL,Elle Kennedy,1
AT THE SIGN OF TRIUMPH,David Weber,1
THE SPELLMAN FILES,Lisa Lutz,1
ONLY A KISS,Mary Balogh,1
THE PACT,Jodi Picoult,1
MY NOT SO PERFECT LIFE,Sophie Kinsella,1
SMOOTH OPERATOR,Stuart Woods and Parnell Hall,1
DASHING THROUGH THE SNOW,Debbie Macomber,1
REAPER'S LEGACY,Joanna Wylde,1
FIDELITY,Aleatha Romig,1
ROBERT B. PARKER'S FOOL ME TWICE,Michael Brandman,1
STAR WARS: BLOODLINE,Claudia Gray,1
THE MATCHMAKER,Elin Hilderbrand,1
HERO,Samantha Young,1
A IS FOR ALIBI,Sue Grafton,1
JUST ONE EVIL ACT,Elizabeth George,1
WIND CHIME POINT,Sherryl Woods,1
THIS MAN CONFESSED,Jodi Ellen Malpas,1
A NIGHT LIKE THIS,Julia Quinn,1
THE SPACE BETWEEN,Diana Gabaldon,1
A SWEET LIFE,Bella Andre_ Barbara Freethy and others,1
THE SCOOP,Fern Michaels,1
THIS IS HOW YOU LOSE HER,Junot Díaz,1
EXCLUSIVE,Sandra Brown,1
THREE SISTERS_ THREE QUEENS,Philippa Gregory,1
ANGEL FALLS,Kristin Hannah,1
VICTORY AND HONOR,W E B Griffin and William E Butterworth IV,1
GOTCHA!,Fern Michaels,1
UNTIL WE TOUCH,Susan Mallery,1
113 MINUTES,James Patterson with Max DiLallo,1
LAST MAN STANDING,Cindy Gerard,1
ABUSE OF POWER,Michael Savage,1
COLD COLD HEART,Tami Hoag,1
SWEET CHEEKS,K Bromberg,1
JASON,Laurell K Hamilton,1
THE BRIDGE,Karen Kingsbury,1
STRIPPED,Jasinda Wilder,1
UNTIL ASHLYN,Aurora Rose Reynolds,1
CRUNCH TIME,Diane Mott Davidson,1
THE TWELVE,Justin Cronin,1
LEAVING EVERYTHING MOST LOVED,Jacqueline Winspear,1
TALL_ DARK AND DEADLY BOOKS 1 - 4,Lisa Renee Jones,1
SAND CASTLE BAY,Sherryl Woods,1
FINAL VOW,Kathleen Brooks,1
TWELVE DAYS,Alex Berenson,1
FORGED IN STEELE,Maya Banks,1
THE DARKEST CRAVING,Gena Showalter,1
LISTEN TO YOUR HEART,Fern Michaels,1
DANCE UPON THE AIR,Nora Roberts,1
BENDER,Stacy Borel,1
WHEN DAY BREAKS,Maya Banks,1
REVEALING US,Lisa Renee Jones,1
THE LIE,Karina Halle,1
THIRTY-FOUR AND A HALF PREDICAMENTS,Denise Grover Swank,1
HOSTAGE,Kay Hooper,1
BREATHE WITH ME,Kristen Pro,1
THE MEPHISTO CLUB,Tess Gerritsen,1
THE MASTERFUL MR. MONTAGUE,Stephanie Laurens,1
TAINT,SL Jennings,1
THE PRAGUE CEMETERY,Umberto Eco,1
THE DARKEST TOUCH,Gena Showalter,1
SCANDALOUS BRIDES,Annette Blair and others,1
THE LOST NIGHT,Jayne Castle,1
DARK PREDATOR,Christine Feehan,1
THE BONE CLOCKS,David Mitchell,1
CHESTNUT STREET,Maeve Binchy,1
FROST BURNED,Patricia Briggs,1
PIECES OF YOU,Cassia Leo,1
BIG SKY MOUNTAIN,Linda Lael Miller,1
WHEN WE MET,Susan Mallery,1
THE ROPE,Nevada Barr,1
DRAGONMARK,Sherrilyn Kenyon,1
STRIPPED,HM Ward,1
HOW FIRM A FOUNDATION,David Weber,1
BORN OF LEGEND,Sherrilyn Kenyon,1
DYING TO READ,Lorena McCourtney,1
REAPER'S FALL,Joanna Wylde,1
ALWAYS ON MY MIND,Bella Andre,1
BECAUSE YOU ARE MINE PART IV,Beth Kerry,1
DARK BLOOD,Christine Feehan,1
ROCK WITH WINGS,Anne Hillerman,1
THE GIRL IN THE GLASS,James Hayman,1
LOVE_ LAUGHTER_ AND HAPPILY EVER AFTERS COLLECTION,Violet Duke,1
SWEET TALK,Julie Garwood,1
ALPHA,Jasinda Wilder,1
THE STORIED LIFE OF A. J. FIKRY,Gabrielle Zevin,1
THE MERCY,Beverly Lewis,1
THE BEACH HOUSE,Jane Green,1
DESTROYER ANGEL,Nevada Barr,1
RIVER ROAD,Jayne Ann Krentz,1
BREAKING POINT,C J Box,1
THE GUARDIAN,Sherrilyn Kenyon,1
AMONG THE WICKED,Linda Castillo,1
RETRIBUTION,Sherrilyn Kenyon,1
DEADLY FATE,Heather Graham,1
A THOUSAND TOMORROWS,Karen Kingsbury,1
KILLER LOOK,Linda Fairstein,1
ROWDY,Jay Crownover,1
RUIN: PART 3,Deborah Bladon,1
CHOCOLATE CHIP COOKIE MURDER,Joanne Fluke,1
SIGHT UNSEEN,Iris Johansen and Roy Johansen,1
FULL PACKAGE,Lauren Blakely,1
NEIGHBOR DEAREST,Penelope Ward,1
DARK GHOST,Christine Feehan,1
FATAL IDENTITY,Marie Force,1
NEVER SEDUCE A SCOT,Maya Banks,1
FRIGID,J Lynn,1
THE PROFESSIONAL_ PART 3,Kresley Cole,1
AMERICA'S FIRST DAUGHTER,Stephanie Dray and Laura Kamoie,1
WINTER STORMS,Elin Hilderbrand,1
RING OF FIRE,Brad Taylor,1
HOLD ME,Susan Mallery,1
POSSESSION,J R Ward,1
WICKED NIGHTS,Gena Showalter,1
SPRING FEVER,Mary Kay Andrews,1
BROOKLYN,Colm Toibin,1
WHERE AZALEAS BLOOM,Sherryl Woods,1
ONE YEAR AFTER,William R Forstchen,1
TOXIC,Rachel Van Dyken,1
THE LADY IS A VAMP,Lynsay Sands,1
BOAR ISLAND,Nevada Barr,1
IMMORTAL EVER AFTER,Lynsay Sands,1
CRYSTAL COVE,Lisa Kleypas,1
SEVENTH HEAVEN,Alice Hoffman,1
SHOTS FIRED,C J Box,1
A SHIVER OF LIGHT,Laurell K Hamilton,1
CHRISTMAS ON 4TH STREET,Susan Mallery,1
STRANGER IN THE MOONLIGHT,Jude Deveraux,1
BEAUTIFUL SECRET,Christina Lauren,1
WYOMING TOUGH,Diana Palmer,1
DEEPER THAN MIDNIGHT,Lara Adrian,1
BREAKING NOVA,Jessica Sorensen,1
THREE LITTLE WORDS,Susan Mallery,1
SAVAGE NATURE,Christine Feehan,1
WICKED CHARMS,Janet Evanovich and Phoef Sutton,1
NIGHT WATCH,Linda Fairstein,1
SEALS OF SUMMER,Delilah Devlin_ Sharon Hamilton and others,1
WILD CAT,Christine Feehan,1
FIRST STAR I SEE TONIGHT,Susan Elizabeth Phillips,1
THE MARRIAGE SEASON,Linda Lael Miller,1
HAWKE,Sawyer Bennett,1
MELT,Helen Hardt,1
RUSH TOO FAR,Abbi Glines,1
VIPER GAME,Christine Feehan,1
BEFORE WE KISS,Susan Mallery,1
OWN THE WIND,Kristen Ashley,1
ONE MORE CHANCE,Abbi Glines,1
THE SECRET KEEPER,Kate Morton,1
RAISING STEAM,Terry Pratchett,1
WALKING ON WATER,Richard Paul Evans,1
WYOMING BOLD,Diana Palmer,1
SWITCHBLADE,Michael Connelly,1
MIDST TOIL AND TRIBULATION,David Weber,1
THE HANGING JUDGE,Michael Ponsor,1
WHAT WE FIND,Ron Carr,1
LEOPARD'S PREY,Christine Feehan,1
DRAGONBANE,Sherrilyn Kenyon,1
CANYONS OF NIGHT,Jayne Castle,1
ARCHANGEL'S LEGION,Nalini Singh,1
OTHERWISE ENGAGED,Amanda Quick,1
COLLATERAL DAMAGE,Stuart Woods,1
THE TRAINING,Tara Sue Me,1
LINCOLN IN THE BARDO,George Saunders,1
NIGHT AND DAY,Iris Johansen,1
HARD LOVE,Meredith Wild,1
THE CHANCE,Karen Kingsbury,1
CRYSTAL GARDENS,Amanda Quick,1
AFTERBURN,Sylvia Day,1
THE PAPER SWAN,Leylah Attar,1
THE BONE LABYRINTH,James Rollins,1
SNUFF,Terry Pratchett,1
RULES OF CIVILITY,Amor Towles,1
BEYOND THE ICE LIMIT,Douglas Preston and Lincoln Child,1
THE SUM OF ALL KISSES,Julia Quinn,1
THE GROWNUP,Gillian Flynn,1
DEAD HEAT,Patricia Briggs,1
STAY WITH ME,J Lynn,1
LOVING,Karen Kingsbury,1
THE GIRLS OF AUGUST,Anne Rivers Siddons,1
HITCHED,Kendall Ryan,1
FALLING FOR THE HIGHLANDER,Lynsay Sands,1
REAPER'S FIRE,Joanna Wylde,1
NAVARRO'S PROMISE,Lora Leigh,1
SILVER BAY,Jojo Moyes,1
BINDING AGREEMENT,Kyra Davis,1
STARTING NOW,Debbie Macomber,1
SNOWFALL ON HAVEN POINT,RaeAnne Thayne,1
BEYOND DESIRE COLLECTION,JS Scott_ M Malone and others,1
HELL'S FOUNDATIONS QUIVER,David Weber,1
CUBA STRAITS,Randy Wayne White,1
THE CAIRO AFFAIR,Olen Steinhauer,1
THE WHITE PRINCESS,Philippa Gregory,1
CRAVING,Helen Hardt,1
RECKLESS LOVE,Kendall Ryan,1
THE ARRANGEMENT 20,H M Ward,1
IN HIS KEEPING,Maya Banks,1
THE SECRETS OF SIR RICHARD KENWORTHY,Julia Quinn,1
FEAR OF FALLING,SL Jennings,1
DOWN AND OUT,Kelley R Martin,1
RUSTY NAILED,Alice Clayton,1
FALLING,Jane Green,1
SMILEY,Laurann Dohner,1
TEMPTING FATE,Jane Green,1
DO YOU WANT TO START A SCANDAL,Tessa Dare,1
RAPTURE,JR Ward,1
THIRTY-THREE AND A HALF SHENANIGANS,Denise Grover Swank,1
STAND DOWN,J A Jance,1
UPSIDE DOWN,Fern Michaels,1
SHARDS OF HOPE,Nalini Singh,1
THE WOMAN WHO WALKED IN SUNSHINE,Alexander McCall Smith,1
GABRIEL'S REDEMPTION,Sylvain Reynard,1
I ALMOST FORGOT ABOUT YOU,Terry McMillan,1
THE RELUCTANT VAMPIRE,Lynsay Sands,1
THE ROAD TO GRACE,Richard Paul Evans,1
TIME FOR LOVE,Marie Force,1
UNEXPECTED FATE,Harper Sloan,1
SOMETHING BEAUTIFUL,Jamie McGuire,1
LAROSE,Louise Erdrich,1
ALL YOU NEED IS LOVE,Marie Force,1
ROME,Jay Crownover,1
NAUGHTY & NICE,J S Scott and others,1
BADLANDS,C J Box,1
PREY,Linda Howard,1
THIS SIDE OF THE GRAVE,Jeaniene Frost,1
SEDUCED,Melody Anne,1
INTO THE WHIRLWIND,Kat Martin,1
THE CAPTURE OF THE EARL OF GLENCRAE,Stephanie Laurens,1
CHASE,James Patterson with Michael Ledwidge,1
FOOL'S ASSASSIN,Robin Hobb,1
TATIANA,Martin Cruz Smith,1
VIRGINS,Diana Gabaldon,1
THE WAY TO A MAN'S HEART,Debbie Macomber,1
BEAUTIFUL OBLIVION,Jamie McGuire,1
DEAD ICE,Laurell K Hamilton,1
INTO THE FURY,Kat Martin,1
THE SILENT GIRLS,Eric Rickstad,1
THE LOST SYMBOL,Dan Brown,1
THE TAMING OF RYDER CAVANAUGH,Stephanie Laurens,1
THE PERFECT WITNESS,Iris Johansen,1
BETRAYED,Lisa Scottoline,1
THE LONG WAY HOME,Louise Penny,1
THE WOLVES OF MIDWINTER,Anne Rice,1
FALLING IN LOVE,Donna Leon,1
EASY LOVE,Kristen Pro,1
ANY MAN OF MINE,Rachel Gibson,1
BACKWARD GLANCE,Ron Carr,1
COMING HOME,Karen Kingsbury,1
AFRAID TO DIE,Lisa Jackson,1
'TIL DEATH DO US PART,Amanda Quick,1
THE DARKEST SEDUCTION,Gena Showalter,1
BLOSSOM STREET BRIDES,Debbie Macomber,1
WHEN ALL THE GIRLS HAVE GONE,Jayne Ann Krentz,1
MARCH,Audrey Carlan,1
THE ESCAPE,Mary Balogh,1
AIN'T SHE SWEET,Marie Force,1
ONLY BELOVED,Mary Balogh,1
THE ROGUE NOT TAKEN,Sarah MacLean,1
EASY MELODY,Kristen Pro,1
RARE AND PRECIOUS THINGS,Raine Miller,1
RAINSHADOW ROAD,Lisa Kleypas,1
AFTERSHOCK,Sylvia Day,1
THE WHOLE TOWN'S TALKING,Fannie Flagg,1
THE PERFECT MATCH,Kristan Higgins,1
THE COUNTERFEIT AGENT,Alex Berenson,1
BEAUTIFUL BOSS,Christina Lauren,1
NIGHT SHIFT,Charlaine Harris,1
FOREIGN AFFAIRS,Stuart Woods,1
ODD INTERLUDE #2,Dean Koontz,1
QUICKSILVER,Amanda Quick,1
A BANQUET OF CONSEQUENCES,Elizabeth George,1
GODDESS OF VENGEANCE,Jackie Collins,1
A WILL AND A WAY,Nora Roberts,1
FEVERSONG,Karen Marie Moning,1
FEAST DAY OF FOOLS,James Lee Burke,1
WHAT THE DEAD KNOW,Laura Lippman,1
HOLIDAYS WITH THE WALKER BROTHERS,Nicole Edwards,1
THE BOURBON KINGS,JR Ward,1
HARD TO RESIST,Shanora Williams,1
THE SKULL THRONE,Peter V Brett,1
TWICE TEMPTED,Jeaniene Frost,1
NO SAFE SECRET,Fern Michaels,1
FOUR IRRESISTIBLE ROGUES,Tanya Anne Cros_ Danelle Harmon_ Lauren Royal and Cynthia Wright,1
HEMY,Victoria Ashley,1
THE DIRT ON NINTH GRAVE,Darynda Jones,1
SHADOWS OF SELF,Brandon Sanderson,1
THE ARRANGEMENT 12,H M Ward,1
THE TROUBLE WITH MISTLETOE,Jill Shalvis,1
ONE NIGHT: UNVEILED,Jodi Ellen Malpas,1
REASONABLE DOUBT: BOOK 2,Whitney G,1
ECHOES AT DAWN,Maya Banks,1
THE EMPTY THRONE,Bernard Cornwell,1
AN OBVIOUS FACT,Craig Johnson,1
BLOOD FLAG,Steve Martini,1
WILD WOLF,Jennifer Ashley,1
NO TIME LEFT,David Baldacci,1
BARKSKINS,Annie Proulx,1
STARRY NIGHT,Debbie Macomber,1
COUNTDOWN,Fern Michaels,1
THE LADY RISKS ALL,Stephanie Laurens,1
ARCHANGEL’S STORM,Nalini Singh,1
HARD TO HOLD ON TO,Laura Kaye,1
WARRIORS OF THE STORM,Bernard Cornwell,1
HIDE AWAY,Iris Johansen,1
SECONDHAND SOULS,Christopher Moore,1
PEGASUS,Danielle Steel,1
LOVE LEFT BEHIND,SH Kolee,1
CLOSE YOUR EYES,Iris Johansen and Roy Johansen,1
LEARNING,Karen Kingsbury,1
ONE SNOWY NIGHT,Jill Shalvis,1
EYES ONLY,Fern Michaels,1
SAFE AT LAST,Maya Banks,1
IMMORTAL NIGHTS,Lynsay Sands,1
SOMEONE TO LOVE,Mary Balogh,1
WE ARE NOT OURSELVES,Matthew Thomas,1
A DIFFERENT BLUE,Amy Harmon,1
WITH THIS KISS,Eloisa James,1
WISHES FOR CHRISTMAS,Fern Michaels,1
THE SECRET SOLDIER,Alex Berenson,1
WHEN I'M GONE,Abbi Glines,1
REAPER'S STAND,Joanna Wylde,1
YOU SHOULD HAVE KNOWN,Jean Hanff Korelitz,1
HOW THE LIGHT GETS IN,Louise Penny,1
THEIR VIRGIN SECRETARY,Shayla Black and Lexi Blake,1
THE ARRANGEMENT 13,H M Ward,1
A MATCH FOR MARCUS CYNSTER,Stephanie Laurens,1
THE BOLEYN INHERITANCE,Philippa Gregory,1
SEX_ LIES  AND SERIOUS MONEY,Stuart Woods,1
ROBERT B. PARKER’S DAMNED IF YOU DO,Michael Brandman,1
VISCOUNT BRECKENRIDGE TO THE RESCUE,Stephanie Laurens,1
THE UNDEAD POOL,Kim Harrison,1
THE OMEN MACHINE,Terry Goodkind,1
HIT LIST,Laurell K Hamilton,1
IS THIS TOMORROW,Caroline Leavitt,1
THE HIGHWAY,C  J Box,1
FALLEN,Karin Slaughter,1
THE FIX UP,Kendall Ryan,1
GIVING IN,Maya Banks,1
BEAUTIFUL PLAYER,Christina Lauren,1
SHATTERED,Kevin Hearne,1
COPPER BEACH,Jayne Ann Krentz,1
DEEPLY ODD,Dean Koontz,1
OUT OF OZ,Gregory Maguire,1
RIDE STEADY,Kristen Ashley,1
THE MISTLETOE PROMISE,Richard Paul Evans,1
THE INSIDER THREAT,Brad Taylor,1
WICKED APPETITE,Janet Evanovich,1
YOU DON’T WANT TO KNOW,Lisa Jackson,1
SLOW BURN,K Bromberg,1
GONE - PART THREE,Deborah Bladon,1
BROKEN TRUST,WEB Griffin and William E Butterworth,1
THE TRUTH ACCORDING TO US,Annie Barrows,1
TWO GRAVES,Douglas Preston and Lincoln Child,1
THE NORTH WATER,Ian McGuire,1
AGAINST THE TIDE,Kat Martin,1
WINTER STREET,Elin Hilderbrand,1
WAITING FOR LOVE,Marie Force,1
RECONSTRUCTING AMELIA,Kimberly McCreight,1
SAVOR THE DANGER,Lori Foster,1
JAGGED,Kristen Ashley,1
TOWERS OF MIDNIGHT,Robert Jordan and Brandon Sanderson,1
INHERIT THE DEAD,Lee Child,1
FATAL JEOPARDY,Marie Force,1
VAMPIRE MOST WANTED,Lynsay Sands,1
SERVICING THE TARGET,Cherise Sinclair,1
ADDICTED,Zane,1
HOLIDAY TREASURE,Melody Anne,1
FLOWERS IN THE ATTIC,VC Andrews,1
BONE DEEP,Randy Wayne White,1
THE TROUBLED MAN,Henning Mankell,1
THE CHRISTMAS MYSTERY,James Patterson with Richard DiLallo,1
RAIN ON THE DEAD,Jack Higgins,1
THE STRIKER,Clive Cussler and Justin Scott,1
THIRTY-FIVE AND A HALF CONSIPIRACIES,Denise Grover Swank,1
COMPLETE ME,J Kenner,1
ODD THOMAS: YOU ARE DESTINED TO BE TOGETHER FOREVER,Dean Koontz,1
TRIGGER WARNING,Neil Gaiman,1
THE MISTLETOE INN,Richard Paul Evans,1
FOREVER AND A DAY,Jill Shalvis,1
THE SPYMASTERS,W E B Griffin and William E Butterworth IV,1
THE DEAD IN THEIR VAULTED ARCHES,Alan Bradley,1
UNTIL JULY,Aurora Rose Reynolds,1
THE MARRIAGE PACT,Linda Lael Miller,1
COLD-HEARTED RAKE,Lisa Kleypas,1
THE EDGE OF ALWAYS,J A Redmerski,1
A STEP OF FAITH,Richard Paul Evans,1
THE FIXER,Joseph Finder,1
THE BROKEN EYE,Brent Weeks,1
PLAYBOY PILOT,Penelope Ward and Vi Keeland,1
THE MYSTERY WOMAN,Amanda Quick,1
DAMAGED,Lisa Scottoline,1
AFFLICTION,Laurell K Hamilton,1
NO GOOD DEED,Allison Brennan,1
FORCE OF NATURE,C J Box,1
SAY YOU WANT ME,Corinne Michaels,1
LUCKY 7 BAD BOYS CONTEMPORARY ROMANCE BOXED SET,Tawny Weber,1
BETWEEN SISTERS,Kristin Hannah,1
RIVERBEND ROAD,Raeanne Thayne,1
LEXIE STARR COZY MYSTERIES BOXED SET,Jeanne Glidewell,1
TAKING IT ALL,Maya Banks,1
TOWER LORD,Anthony Ryan,1
JUST TO BE WITH YOU,Bella Andre,1
THE SEVENTH PLAGUE,James Rollins,1
MENDED,Sydney Landon,1
THE AUSCHWITZ ESCAPE,Joel C Rosenberg,1
THE LAST WITNESS,WEB Griffin and William E Butterworth IV,1
REMY,Katy Evans,1
THE LOST GIRLS,Allison Brennan,1
GIDEON’S CORPSE,Douglas Preston and Lincoln Child,1
MOST WANTED,Lisa Scottoline,1
THE SCORE,Elle Kennedy,1
