1,the,2838
2,of,2197
3,and,1802
4,to,1427
5,we,1144
6,in,994
7,our,971
8,a,883
9,that,657
10,is,593
11,for,524
12,it,416
13,have,401
14,be,399
15,are,383
16,not,374
17,will,341
18,this,328
19,all,300
20,with,294
21,but,291
22,as,286
23,us,266
24,by,261
25,i,259
26,world,234
27,,229
28,can,219
29,which,208
30,no,196
31,people,195
32,must,191
33,their,191
34,has,186
35,new,169
36,on,169
37,its,169
38,from,161
39,who,158
40,they,153
41,government,152
42,nation,151
43,more,143
44,or,140
45,peace,138
46,do,136
47,so,132
48,an,128
49,america,125
50,there,124
51,at,118
52,own,118
53,great,117
54,been,116
55,those,114
56,freedom,111
57,these,108
58,nations,108
59,what,104
60,upon,101
61,let,101
62,my,100
63,time,98
64,one,93
65,only,93
66,shall,92
67,if,92
68,when,88
69,you,84
70,life,84
71,every,79
72,may,77
73,free,77
74,know,77
75,them,76
76,today,75
77,now,75
78,work,74
79,country,73
80,american,72
81,other,70
82,justice,69
83,men,68
84,than,65
85,make,65
86,because,64
87,would,63
88,hope,61
89,any,61
90,citizens,60
91,old,59
92,each,59
93,his,59
94,out,58
95,together,58
96,human,57
97,faith,57
98,was,57
99,years,56
100,progress,55
101,war,55
102,power,55
103,should,54
104,history,54
105,americans,54
106,good,54
107,before,53
108,through,53
109,god,53
110,spirit,53
111,never,52
112,way,52
113,most,52
114,national,51
115,man,51
116,democracy,50
117,need,49
118,such,49
119,help,48
120,purpose,48
121,come,48
122,under,47
123,had,47
124,united,47
125,into,46
126,made,45
127,first,45
128,your,45
129,ourselves,45
130,here,45
131,things,44
132,strength,44
133,common,43
134,day,42
135,fellow,42
136,change,42
137,better,42
138,responsibility,41
139,much,41
140,many,41
141,law,41
142,peoples,41
143,live,41
144,economic,41
145,opportunity,40
146,again,40
147,president,39
148,earth,39
149,where,39
150,land,39
151,right,39
152,century,39
153,believe,38
154,see,38
155,lives,38
156,he,38
157,states,38
158,home,38
159,long,37
160,seek,37
161,were,37
162,future,37
163,me,36
164,liberty,36
165,just,36
166,without,36
167,among,35
168,place,35
169,some,35
170,means,34
171,action,34
172,strong,34
173,both,34
174,system,34
175,stand,34
176,beyond,34
177,part,34
178,others,33
179,go,33
180,toward,32
181,always,32
182,over,32
183,best,32
184,done,32
185,yet,32
186,cannot,32
187,well,32
188,security,31
189,political,31
190,too,30
191,itself,30
192,public,30
193,find,30
194,themselves,30
195,duty,29
196,service,29
197,up,29
198,children,29
199,promise,29
200,ask,28
201,still,28
202,use,28
203,order,28
204,within,28
205,against,27
206,economy,27
207,force,27
208,nor,27
209,heart,26
210,high,26
211,civilization,26
212,problems,26
213,laws,26
214,full,26
215,even,26
216,rights,26
217,ever,25
218,mankind,25
219,alone,25
220,end,25
221,moral,25
222,party,25
223,principles,25
224,americas,24
225,millions,24
226,meet,24
227,whole,24
228,task,24
229,resources,24
230,less,24
231,another,23
232,mr,23
233,times,23
234,take,23
235,like,23
236,same,23
237,very,23
238,ago,23
239,individual,23
240,ideals,23
241,moment,23
242,unity,23
243,give,22
244,called,22
245,courage,22
246,continue,22
247,support,22
248,hand,22
249,act,22
250,friends,22
251,last,22
252,face,22
253,generation,22
254,women,22
255,pledge,22
256,greater,22
257,hold,22
258,society,21
259,past,21
260,become,21
261,industrial,21
262,bring,21
263,beginning,21
264,federal,21
265,union,21
266,call,21
267,am,21
268,true,21
269,worlds,21
270,confidence,21
271,love,21
272,knowledge,21
273,then,21
274,republic,21
275,effort,21
276,international,21
277,congress,20
278,secure,20
279,enough,20
280,leadership,20
281,thought,20
282,fear,20
283,destiny,20
284,small,20
285,prosperity,20
286,dignity,20
287,forward,20
288,greatest,19
289,speak,19
290,important,19
291,does,19
292,independence,19
293,share,19
294,far,19
295,want,19
296,back,19
297,given,19
298,business,19
299,could,19
300,oath,18
301,era,18
302,poverty,18
303,sacrifice,18
304,taken,18
305,clear,18
306,cause,18
307,hopes,18
308,say,18
309,concern,18
310,while,18
311,once,18
312,between,18
313,lead,18
314,forces,18
315,vision,18
316,social,17
317,understanding,17
318,abroad,17
319,look,17
320,defense,17
321,administration,17
322,words,17
323,equal,17
324,since,17
325,education,17
326,dream,17
327,cost,17
328,office,17
329,two,17
330,build,17
331,four,17
332,found,17
333,days,17
334,wish,17
335,advance,17
336,expression,16
337,also,16
338,sound,16
339,hearts,16
340,resolve,16
341,making,16
342,values,16
343,set,16
344,across,16
345,success,16
346,age,16
347,young,16
348,humanity,16
349,belief,16
350,nothing,16
351,conscience,16
352,welfare,16
353,course,16
354,her,16
355,efforts,16
356,lies,16
357,join,16
358,little,16
359,did,15
360,trade,15
361,chance,15
362,about,15
363,cooperation,15
364,whose,15
365,essential,15
366,conditions,15
367,turn,15
368,special,15
369,away,15
370,sense,15
371,governments,15
372,policy,15
373,might,15
374,think,15
375,light,15
376,ready,15
377,challenge,15
378,ought,15
379,wealth,15
380,fail,15
381,standards,15
382,community,15
383,voices,15
384,simple,15
385,building,15
386,tax,14
387,material,14
388,whether,14
389,interest,14
390,helped,14
391,weapons,14
392,race,14
393,program,14
394,constitution,14
395,counsel,14
396,serve,14
397,fact,14
398,truth,14
399,present,14
400,wisdom,14
401,responsibilities,14
402,living,14
403,enterprise,14
404,strive,14
405,arms,14
406,citizen,14
407,labor,14
408,reach,14
409,respect,14
410,achieve,14
411,generations,13
412,down,13
413,seeking,13
414,honor,13
415,merely,13
416,balance,13
417,hands,13
418,after,13
419,remember,13
420,trust,13
421,body,13
422,maintain,13
423,vice,13
424,renew,13
425,though,13
426,science,13
427,peaceful,13
428,purposes,13
429,policies,13
430,desire,13
431,control,13
432,state,13
433,countrymen,13
434,countries,13
435,rich,13
436,thank,13
437,determined,13
438,private,13
439,matters,12
440,continent,12
441,deep,12
442,year,12
443,affairs,12
444,preserve,12
445,effective,12
446,growth,12
447,ours,12
448,highest,12
449,revolution,12
450,mans,12
451,born,12
452,story,12
453,struggle,12
454,burden,12
455,selfgovernment,12
456,accept,12
457,centuries,12
458,democratic,12
459,powers,12
460,question,12
461,how,12
462,provide,12
463,gods,12
464,longer,12
465,influence,12
466,prayer,12
467,solemn,12
468,journey,11
469,proud,11
470,practical,11
471,military,11
472,necessary,11
473,failure,11
474,throughout,11
475,differences,11
476,dreams,11
477,nature,11
478,evil,11
479,wrong,11
480,forth,11
481,already,11
482,increase,11
483,require,11
484,created,11
485,higher,11
486,permanent,11
487,different,11
488,around,11
489,price,11
490,answer,11
491,genius,11
492,dangers,11
493,bless,11
494,chief,11
495,settlement,11
496,turning,11
497,challenges,11
498,reduce,11
499,mean,11
500,experience,11
501,keep,11
502,health,11
503,neighbors,11
504,commitment,11
505,form,11
506,side,11
507,offer,11
508,instrument,11
509,everywhere,11
510,mind,11
511,few,11
512,equality,11
513,ancient,11
514,supreme,11
515,himself,11
516,family,11
517,aspirations,11
518,built,11
519,role,11
520,instead,11
521,carry,11
522,sides,11
523,mere,11
524,needs,11
525,families,10
526,strengthen,10
527,waste,10
528,above,10
529,often,10
530,celebrate,10
531,sometimes,10
532,however,10
533,powerful,10
534,happiness,10
535,senator,10
536,thing,10
537,character,10
538,enforcement,10
539,popular,10
540,citizenship,10
541,realize,10
542,washington,10
543,came,10
544,destruction,10
545,something,10
546,foreign,10
547,assume,10
548,learn,10
549,property,10
550,try,10
551,expect,10
552,energy,10
553,hard,10
554,learned,10
555,weak,10
556,dedication,10
557,save,10
558,bear,10
559,conviction,10
560,fair,10
561,begin,10
562,put,10
563,recovery,10
564,ways,10
565,yes,10
566,dark,10
567,certain,10
568,create,10
569,seen,10
570,natural,10
571,reason,10
572,relations,10
573,interests,10
574,care,10
575,passed,10
576,money,10
577,suffering,10
578,almighty,10
579,authority,10
580,makes,10
581,principle,9
582,third,9
583,produce,9
584,structure,9
585,enemies,9
586,example,9
587,communism,9
588,almost,9
589,capacity,9
590,measure,9
591,real,9
592,armed,9
593,vital,9
594,local,9
595,friend,9
596,based,9
597,commerce,9
598,eyes,9
599,rule,9
600,comes,9
601,industry,9
602,demand,9
603,show,9
604,reached,9
605,unless,9
606,threat,9
607,shared,9
608,fate,9
609,victory,9
610,profit,9
611,tasks,9
612,further,9
613,devotion,9
614,activities,9
615,burdens,9
616,larger,9
617,class,9
618,presence,9
619,occasion,9
620,nuclear,9
621,problem,9
622,promote,9
623,divided,9
624,necessity,9
625,leaders,9
626,firm,9
627,until,9
628,follow,9
629,succeed,9
630,bold,9
631,stands,9
632,rests,9
633,agencies,9
634,possible,9
635,wars,9
636,open,8
637,involved,8
638,sacred,8
639,result,8
640,road,8
641,directly,8
642,realization,8
643,stability,8
644,historic,8
645,whatever,8
646,protect,8
647,ideas,8
648,seeks,8
649,toil,8
650,left,8
651,endure,8
652,single,8
653,working,8
654,rewards,8
655,lands,8
656,communities,8
657,obligations,8
658,maintained,8
659,personal,8
660,willing,8
661,hemisphere,8
662,destroy,8
663,group,8
664,began,8
665,sufficient,8
666,whom,8
667,seem,8
668,civil,8
669,constantly,8
670,large,8
671,growing,8
672,choice,8
673,strengthened,8
674,goal,8
675,achievement,8
676,coming,8
677,renewed,8
678,welcome,8
679,rather,8
680,encourage,8
681,met,8
682,precious,8
683,taxes,8
684,play,8
685,inauguration,8
686,pay,8
687,perhaps,8
688,constitutional,8
689,renewal,8
690,either,8
691,politics,8
692,deeply,8
693,productive,8
694,difficult,8
695,rules,8
696,remain,8
697,spiritual,8
698,meaning,8
699,plans,8
700,period,8
701,opportunities,8
702,compassion,8
703,doubt,8
704,equally,8
705,idea,8
706,areas,8
707,being,8
708,fathers,8
709,speaker,8
710,dont,8
711,fulfillment,8
712,production,8
713,word,8
714,said,8
715,heard,7
716,institutions,7
717,worthy,7
718,grown,7
719,covenant,7
720,relationship,7
721,individuals,7
722,required,7
723,changes,7
724,ahead,7
725,conflict,7
726,greatness,7
727,modern,7
728,heroes,7
729,europe,7
730,surely,7
731,constant,7
732,understand,7
733,vast,7
734,representative,7
735,finally,7
736,expansion,7
737,putting,7
738,controversies,7
739,domestic,7
740,solve,7
741,recent,7
742,allies,7
743,crisis,7
744,goals,7
745,religious,7
746,restore,7
747,rise,7
748,view,7
749,basic,7
750,trying,7
751,safety,7
752,due,7
753,pass,7
754,limitation,7
755,places,7
756,voice,7
757,members,7
758,failed,7
759,suffer,7
760,stood,7
761,preservation,7
762,seems,7
763,degree,7
764,capital,7
765,lasting,7
766,truly,7
767,tomorrow,7
768,assist,7
769,processes,7
770,rest,7
771,treaty,7
772,prosperous,7
773,blood,7
774,needed,7
775,respects,7
776,depression,7
777,direction,7
778,false,7
779,comfort,7
780,executive,7
781,number,7
782,schools,7
783,neither,7
784,guidance,7
785,sovereignty,7
786,ceremony,7
787,greatly,7
788,decency,7
789,pride,7
790,person,7
791,move,7
792,leave,7
793,heritage,7
794,established,7
795,lift,7
796,else,7
797,determination,7
798,normal,7
799,bonds,7
800,steps,7
801,western,7
802,preserved,7
803,afford,7
804,establishment,7
805,productivity,7
806,fundamental,7
807,forever,7
808,bad,7
809,changed,7
810,danger,7
811,solution,7
812,favor,7
813,methods,7
814,neighbor,7
815,demands,7
816,known,7
817,final,7
818,crime,7
819,alike,7
820,development,7
821,aid,7
822,homes,7
823,general,7
824,clearly,7
825,stronger,6
826,integrity,6
827,remembered,6
828,shape,6
829,election,6
830,record,6
831,test,6
832,except,6
833,brotherhood,6
834,believed,6
835,enduring,6
836,mine,6
837,blessed,6
838,propose,6
839,triumph,6
840,therefore,6
841,having,6
842,selfish,6
843,limits,6
844,recognize,6
845,add,6
846,civility,6
847,abundance,6
848,limited,6
849,parts,6
850,armaments,6
851,court,6
852,lines,6
853,budget,6
854,proven,6
855,belongs,6
856,encouraging,6
857,passion,6
858,idealism,6
859,confident,6
860,moving,6
861,count,6
862,questions,6
863,house,6
864,jefferson,6
865,mutual,6
866,became,6
867,terror,6
868,off,6
869,misery,6
870,position,6
871,point,6
872,causes,6
873,return,6
874,written,6
875,basis,6
876,used,6
877,privilege,6
878,relief,6
879,thoughts,6
880,founders,6
881,held,6
882,trial,6
883,poor,6
884,weakness,6
885,despair,6
886,major,6
887,division,6
888,retreat,6
889,feeling,6
890,independent,6
891,difference,6
892,process,6
893,fully,6
894,sick,6
895,heal,6
896,asked,6
897,decent,6
898,requires,6
899,humility,6
900,standing,6
901,judgment,6
902,forms,6
903,responsible,6
904,weight,6
905,majority,6
906,continued,6
907,maintaining,6
908,birth,6
909,diversity,6
910,ties,6
911,contributed,6
912,thus,6
913,permit,6
914,foundations,6
915,bounty,6
916,speaks,6
917,wellbeing,6
918,tyranny,6
919,endeavor,6
920,remains,6
921,advanced,6
922,immediate,6
923,pray,6
924,profound,6
925,mighty,6
926,why,6
927,lifetime,6
928,justly,6
929,globe,6
930,taking,6
931,moved,6
932,disease,6
933,anew,6
934,sought,6
935,supported,6
936,attack,6
937,pledged,6
938,experiment,6
939,quest,6
940,brought,6
941,opposed,6
942,agreement,6
943,ability,6
944,restoration,6
945,practice,6
946,provided,6
947,taxation,6
948,aided,5
949,injustice,5
950,divine,5
951,write,5
952,mens,5
953,guarantees,5
954,glory,5
955,everything,5
956,lot,5
957,cold,5
958,darkness,5
959,raised,5
960,battle,5
961,enforce,5
962,definite,5
963,prove,5
964,everyone,5
965,absolute,5
966,assure,5
967,able,5
968,reduction,5
969,sight,5
970,seemed,5
971,secured,5
972,abiding,5
973,defend,5
974,employment,5
975,sell,5
976,loyalty,5
977,suspicion,5
978,cities,5
979,ideal,5
980,vigorous,5
981,knowing,5
982,stop,5
983,spring,5
984,hate,5
985,calling,5
986,level,5
987,adequate,5
988,storm,5
989,doing,5
990,walk,5
991,advancement,5
992,discipline,5
993,narrow,5
994,led,5
995,establish,5
996,results,5
997,short,5
998,govern,5
999,him,5
1000,hundred,5
1001,invite,5
1002,amendment,5
1003,placed,5
1004,courses,5
1005,ended,5
1006,depend,5
1007,unmistakable,5
1008,indispensable,5
1009,reform,5
1010,earn,5
1011,air,5
1012,adversaries,5
1013,hunger,5
1014,wholly,5
1015,middle,5
1016,bright,5
1017,committed,5
1018,prevent,5
1019,told,5
1020,dawn,5
1021,loyal,5
1022,white,5
1023,second,5
1024,factories,5
1025,maintenance,5
1026,exercise,5
1027,continuing,5
1028,streets,5
1029,heads,5
1030,master,5
1031,deny,5
1032,stars,5
1033,boldly,5
1034,tens,5
1035,breeze,5
1036,isolation,5
1037,unite,5
1038,thousands,5
1039,decisions,5
1040,going,5
1041,chosen,5
1042,mistakes,5
1043,child,5
1044,leading,5
1045,summon,5
1046,legislative,5
1047,determine,5
1048,bible,5
1049,benefits,5
1050,close,5
1051,proper,5
1052,tolerance,5
1053,numbers,5
1054,food,5
1055,markets,5
1056,perfect,5
1057,hopeful,5
1058,begun,5
1059,easy,5
1060,teach,5
1061,decades,5
1062,claim,5
1063,perform,5
1064,continents,5
1065,choose,5
1066,hear,5
1067,existence,5
1068,satisfaction,5
1069,returned,5
1070,reality,5
1071,measures,5
1072,strongest,5
1073,generous,5
1074,righteousness,5
1075,ensure,5
1076,consciousness,5
1077,declaration,5
1078,nearly,5
1079,run,5
1080,wherever,5
1081,credit,5
1082,bind,5
1083,ground,5
1084,friendship,5
1085,mission,5
1086,listen,5
1087,beauty,5
1088,night,5
1089,swift,5
1090,obligation,5
1091,materials,5
1092,blessings,5
1093,benefit,5
1094,barriers,5
1095,aggression,5
1096,along,5
1097,sustain,5
1098,assurance,5
1099,enlightened,5
1100,dare,5
1101,eighteenth,5
1102,sorrow,4
1103,parties,4
1104,failures,4
1105,reverse,4
1106,judge,4
1107,timeless,4
1108,stopped,4
1109,promoting,4
1110,gone,4
1111,agree,4
1112,receive,4
1113,wide,4
1114,urge,4
1115,define,4
1116,step,4
1117,door,4
1118,apart,4
1119,republics,4
1120,dealing,4
1121,advantage,4
1122,kind,4
1123,servant,4
1124,pursue,4
1125,climate,4
1126,job,4
1127,honest,4
1128,various,4
1129,legislation,4
1130,north,4
1131,pacific,4
1132,circumstances,4
1133,taught,4
1134,despite,4
1135,elections,4
1136,summoned,4
1137,successfully,4
1138,honorably,4
1139,passing,4
1140,procedure,4
1141,satisfying,4
1142,guarding,4
1143,edge,4
1144,deficit,4
1145,sustained,4
1146,eternal,4
1147,negotiate,4
1148,freely,4
1149,readjustment,4
1150,fortunes,4
1151,mountains,4
1152,imperialism,4
1153,george,4
1154,spread,4
1155,instrumentalities,4
1156,drive,4
1157,gladly,4
1158,conquered,4
1159,contribute,4
1160,big,4
1161,truths,4
1162,forgotten,4
1163,tradition,4
1164,serious,4
1165,cherished,4
1166,birthright,4
1167,brothers,4
1168,lived,4
1169,onward,4
1170,actions,4
1171,groups,4
1172,wise,4
1173,planet,4
1174,inspired,4
1175,deeper,4
1176,abuse,4
1177,draw,4
1178,faithful,4
1179,possibilities,4
1180,midst,4
1181,song,4
1182,prejudice,4
1183,shaken,4
1184,next,4
1185,forget,4
1186,holds,4
1187,emergency,4
1188,aims,4
1189,judicial,4
1190,environment,4
1191,commitments,4
1192,raise,4
1193,drawn,4
1194,physical,4
1195,march,4
1196,quiet,4
1197,cast,4
1198,west,4
1199,prepared,4
1200,method,4
1201,terms,4
1202,disregard,4
1203,shown,4
1204,rightly,4
1205,grand,4
1206,aware,4
1207,name,4
1208,deepest,4
1209,participation,4
1210,farm,4
1211,reflect,4
1212,youth,4
1213,21st,4
1214,complex,4
1215,hour,4
1216,search,4
1217,warfare,4
1218,generosity,4
1219,sincere,4
1220,submit,4
1221,subject,4
1222,lesson,4
1223,watching,4
1224,impossible,4
1225,followed,4
1226,population,4
1227,agriculture,4
1228,fortunate,4
1229,shrink,4
1230,philosophy,4
1231,capable,4
1232,acts,4
1233,weapon,4
1234,enemy,4
1235,image,4
1236,potential,4
1237,agricultural,4
1238,half,4
1239,justified,4
1240,engaged,4
1241,plan,4
1242,statesmen,4
1243,amid,4
1244,proved,4
1245,minds,4
1246,orderly,4
1247,strengthening,4
1248,spoke,4
1249,especially,4
1250,heed,4
1251,concerned,4
1252,season,4
1253,reject,4
1254,sons,4
1255,knows,4
1256,competition,4
1257,read,4
1258,soul,4
1259,assistance,4
1260,proclaim,4
1261,thy,4
1262,goes,4
1263,threatened,4
1264,hungry,4
1265,helpful,4
1266,divide,4
1267,leader,4
1268,aimed,4
1269,struggling,4
1270,inspire,4
1271,spend,4
1272,says,4
1273,universal,4
1274,denied,4
1275,altered,4
1276,alliance,4
1277,challenged,4
1278,relationships,4
1279,disaster,4
1280,reduced,4
1281,fought,4
1282,expenditure,4
1283,she,4
1284,fight,4
1285,myself,4
1286,valley,4
1287,front,4
1288,exchange,4
1289,represents,4
1290,symbol,4
1291,deal,4
1292,prospect,4
1293,creed,4
1294,whenever,4
1295,extended,4
1296,dedicated,4
1297,efficiency,4
1298,hatreds,4
1299,turmoil,4
1300,capitol,4
1301,unprecedented,4
1302,adapted,4
1303,space,4
1304,mindful,4
1305,founding,4
1306,initiative,4
1307,duties,4
1308,feed,4
1309,governed,4
1310,correct,4
1311,reward,4
1312,feel,4
1313,turned,4
1314,safe,4
1315,elect,4
1316,ignorance,4
1317,limitations,4
1318,increasing,4
1319,agency,4
1320,soil,4
1321,supporting,4
1322,fears,4
1323,gift,4
1324,forced,4
1325,express,4
1326,culture,4
1327,farms,4
1328,contemplate,4
1329,sure,4
1330,slow,4
1331,useful,4
1332,anniversary,4
1333,information,4
1334,pursuit,4
1335,honorable,4
1336,leads,4
1337,grim,4
1338,mothers,4
1339,differing,4
1340,temple,4
1341,organization,4
1342,confront,4
1343,soon,4
1344,mercy,4
1345,divisions,4
1346,criminal,4
1347,city,4
1348,assured,4
1349,threatens,4
1350,successful,4
1351,blind,4
1352,fire,4
1353,vitality,4
1354,wished,4
1355,achieved,4
1356,distinction,4
1357,embrace,4
1358,opinion,4
1359,drugs,4
1360,comprehend,4
1361,complete,4
1362,thousand,4
1363,attempt,4
1364,blessing,4
1365,knew,4
1366,self,4
1367,helping,4
1368,conception,4
1369,guide,4
1370,transportation,4
1371,sacrifices,4
1372,marks,4
1373,actual,3
1374,temporary,3
1375,technical,3
1376,abundant,3
1377,partisanship,3
1378,enlarged,3
1379,learning,3
1380,thereby,3
1381,compromise,3
1382,manifest,3
1383,aspiration,3
1384,declared,3
1385,costs,3
1386,beneficial,3
1387,portion,3
1388,enter,3
1389,scientific,3
1390,wrought,3
1391,proudly,3
1392,witnessed,3
1393,atlantic,3
1394,realizing,3
1395,european,3
1396,sake,3
1397,providence,3
1398,refreshed,3
1399,approach,3
1400,crucial,3
1401,counter,3
1402,mass,3
1403,openly,3
1404,replace,3
1405,inevitable,3
1406,engagement,3
1407,utmost,3
1408,interdependence,3
1409,key,3
1410,souls,3
1411,efficient,3
1412,daily,3
1413,purely,3
1414,flag,3
1415,array,3
1416,produced,3
1417,fulfilled,3
1418,solved,3
1419,died,3
1420,abuses,3
1421,lack,3
1422,indeed,3
1423,amen,3
1424,familiar,3
1425,assembly,3
1426,killed,3
1427,plenty,3
1428,products,3
1429,promises,3
1430,simply,3
1431,enormous,3
1432,cherish,3
1433,sympathy,3
1434,aspire,3
1435,intention,3
1436,extending,3
1437,remedy,3
1438,happy,3
1439,meeting,3
1440,criminals,3
1441,movements,3
1442,affecting,3
1443,decisive,3
1444,delayed,3
1445,instrumentality,3
1446,beautiful,3
1447,moon,3
1448,strives,3
1449,lie,3
1450,fortunately,3
1451,noble,3
1452,ownership,3
1453,prayers,3
1454,least,3
1455,fourth,3
1456,cooperate,3
1457,faces,3
1458,start,3
1459,neighborhood,3
1460,ranks,3
1461,opened,3
1462,meant,3
1463,considered,3
1464,bar,3
1465,penalties,3
1466,golden,3
1467,credits,3
1468,months,3
1469,talents,3
1470,torn,3
1471,repeat,3
1472,keeping,3
1473,controls,3
1474,studied,3
1475,accomplished,3
1476,goods,3
1477,officials,3
1478,transfer,3
1479,prosper,3
1480,facing,3
1481,200th,3
1482,hatred,3
1483,fairness,3
1484,violate,3
1485,fruitful,3
1486,chorus,3
1487,50,3
1488,area,3
1489,involve,3
1490,leaves,3
1491,finished,3
1492,match,3
1493,rigid,3
1494,vigor,3
1495,domination,3
1496,religion,3
1497,energies,3
1498,size,3
1499,foe,3
1500,win,3
1501,aim,3
1502,sea,3
1503,clarify,3
1504,broad,3
1505,extend,3
1506,imposed,3
1507,strongly,3
1508,global,3
1509,horizons,3
1510,feet,3
1511,granted,3
1512,harmony,3
1513,demonstrate,3
1514,covet,3
1515,conservation,3
1516,encouragement,3
1517,organized,3
1518,event,3
1519,bow,3
1520,stricken,3
1521,wanting,3
1522,investigation,3
1523,spoken,3
1524,blow,3
1525,wage,3
1526,technological,3
1527,named,3
1528,thomas,3
1529,explore,3
1530,art,3
1531,vietnam,3
1532,paint,3
1533,sentiment,3
1534,micah,3
1535,available,3
1536,page,3
1537,affirm,3
1538,meager,3
1539,effect,3
1540,thrift,3
1541,reverend,3
1542,events,3
1543,performance,3
1544,cut,3
1545,relieve,3
1546,senate,3
1547,wave,3
1548,industries,3
1549,respected,3
1550,safeguard,3
1551,cooperative,3
1552,ill,3
1553,lost,3
1554,achievements,3
1555,concept,3
1556,borders,3
1557,candor,3
1558,collective,3
1559,troubles,3
1560,later,3
1561,currents,3
1562,liquor,3
1563,decision,3
1564,revived,3
1565,pressure,3
1566,shadows,3
1567,shores,3
1568,fallen,3
1569,investment,3
1570,father,3
1571,arm,3
1572,gives,3
1573,menace,3
1574,recognition,3
1575,guided,3
1576,dying,3
1577,involves,3
1578,frankly,3
1579,inspiration,3
1580,joint,3
1581,conference,3
1582,currency,3
1583,goodness,3
1584,likewise,3
1585,consequences,3
1586,hitherto,3
1587,keeps,3
1588,foster,3
1589,artificial,3
1590,contains,3
1591,racial,3
1592,rejected,3
1593,fixed,3
1594,acted,3
1595,grateful,3
1596,brave,3
1597,added,3
1598,spreading,3
1599,protection,3
1600,works,3
1601,wonder,3
1602,chapter,3
1603,deliberate,3
1604,rejoicing,3
1605,mistrust,3
1606,consider,3
1607,confusion,3
1608,fullness,3
1609,spending,3
1610,balanced,3
1611,creating,3
1612,music,3
1613,mastery,3
1614,buy,3
1615,touch,3
1616,steadily,3
1617,rates,3
1618,outside,3
1619,intelligence,3
1620,trend,3
1621,table,3
1622,factory,3
1623,affect,3
1624,debate,3
1625,territory,3
1626,tariff,3
1627,line,3
1628,stranger,3
1629,savings,3
1630,reign,3
1631,respecting,3
1632,thee,3
1633,abandon,3
1634,elected,3
1635,bound,3
1636,surface,3
1637,recognized,3
1638,mandate,3
1639,witness,3
1640,accomplishment,3
1641,conquer,3
1642,matter,3
1643,ashamed,3
1644,thoughtfully,3
1645,hours,3
1646,reaching,3
1647,soviet,3
1648,respond,3
1649,bush,3
1650,advocated,3
1651,heavy,3
1652,gave,3
1653,wounded,3
1654,instruments,3
1655,strike,3
1656,allow,3
1657,engage,3
1658,conceived,3
1659,violation,3
1660,indicates,3
1661,influences,3
1662,obvious,3
1663,ease,3
1664,patriotism,3
1665,discharge,3
1666,nationality,3
1667,primary,3
1668,nobility,3
1669,1789,3
1670,remedies,3
1671,faced,3
1672,deeds,3
1673,friendliness,3
1674,posterity,3
1675,creative,3
1676,closer,3
1677,necessities,3
1678,housing,3
1679,consent,3
1680,rhetoric,3
1681,depends,3
1682,accepted,3
1683,disputes,3
1684,saw,3
1685,observe,3
1686,slavery,3
1687,mockery,3
1688,quality,3
1689,treaties,3
1690,believing,3
1691,reforms,3
1692,perils,3
1693,doors,3
1694,reflects,3
1695,charity,3
1696,abandonment,3
1697,lord,3
1698,peril,3
1699,mandates,3
1700,discord,3
1701,adoption,3
1702,stagnation,3
1703,three,3
1704,consecration,3
1705,troubled,3
1706,contribution,3
1707,presidency,3
1708,arsenals,3
1709,active,3
1710,resist,3
1711,resumption,3
1712,south,3
1713,alert,3
1714,command,3
1715,expressed,3
1716,oppose,3
1717,choices,3
1718,heroic,3
1719,warm,3
1720,upward,3
1721,continuation,3
1722,conducted,3
1723,sensed,3
1724,governmental,3
1725,safely,3
1726,reflected,3
1727,seeing,3
1728,cultural,3
1729,alter,3
1730,address,3
1731,break,3
1732,session,3
1733,ordered,3
1734,unique,3
1735,pain,3
1736,inseparable,3
1737,drift,3
1738,forebears,3
1739,dominion,3
1740,distrust,3
1741,loss,3
1742,becoming,3
1743,summons,3
1744,restored,3
1745,sanction,3
1746,sanctity,3
1747,lighten,3
1748,proceed,3
1749,systems,3
1750,remarkable,3
1751,kept,3
1752,invoke,3
1753,black,3
1754,intellectual,3
1755,offensive,3
1756,awaits,3
1757,inspires,3
1758,programs,3
1759,behind,3
1760,asks,3
1761,extent,3
1762,improve,3
1763,forge,3
1764,20th,3
1765,standard,3
1766,source,3
1767,gifts,3
1768,noblest,3
1769,exalted,3
1770,strife,3
1771,inflict,3
1772,adherence,3
1773,livelihood,3
1774,seas,3
1775,levels,3
1776,path,3
1777,turns,3
1778,tell,3
1779,blowing,3
1780,beliefs,3
1781,worldwide,3
1782,unshaken,3
1783,hoped,3
1784,privileges,3
1785,perfection,3
1786,mistake,3
1787,largely,3
1788,saved,3
1789,issue,3
1790,declare,3
1791,served,3
1792,misunderstanding,3
1793,none,3
1794,banking,3
1795,defending,3
1796,humbly,3
1797,east,3
1798,measured,3
1799,conduct,3
1800,reborn,3
1801,soldiers,3
1802,worked,3
1803,arbitration,3
1804,participate,3
1805,stirred,3
1806,inalienable,3
1807,difficulties,3
1808,appear,3
1809,practicable,3
1810,developing,3
1811,distressed,3
1812,substance,3
1813,fall,3
1814,easily,3
1815,promotion,3
1816,issues,3
1817,revolutionary,3
1818,reorganization,3
1819,protected,3
1820,suffered,3
1821,gain,3
1822,inflation,3
1823,illegal,3
1824,importance,3
1825,undertake,3
1826,utter,3
1827,wait,3
1828,honored,3
1829,uphold,3
1830,tremendous,2
1831,stimulation,2
1832,letters,2
1833,servitude,2
1834,looking,2
1835,speech,2
1836,base,2
1837,alive,2
1838,fills,2
1839,endures,2
1840,debt,2
1841,die,2
1842,element,2
1843,humankind,2
1844,1980,2
1845,losses,2
1846,safeguarding,2
1847,decrees,2
1848,wages,2
1849,gaze,2
1850,tranquillity,2
1851,raising,2
1852,envy,2
1853,unfortunate,2
1854,facts,2
1855,excitement,2
1856,childrens,2
1857,abounding,2
1858,addressed,2
1859,strange,2
1860,consideration,2
1861,foundation,2
1862,triumphant,2
1863,pure,2
1864,elsewhere,2
1865,gaining,2
1866,boasted,2
1867,farmers,2
1868,ocean,2
1869,unsolvable,2
1870,plant,2
1871,selfishness,2
1872,repeated,2
1873,shows,2
1874,nowhere,2
1875,concerning,2
1876,proposals,2
1877,hostile,2
1878,upheaval,2
1879,mechanism,2
1880,insistence,2
1881,lest,2
1882,consultations,2
1883,defenses,2
1884,situation,2
1885,inside,2
1886,gained,2
1887,brings,2
1888,province,2
1889,field,2
1890,core,2
1891,stir,2
1892,derive,2
1893,kings,2
1894,prey,2
1895,inevitably,2
1896,threatening,2
1897,secret,2
1898,tide,2
1899,recommend,2
1900,unborn,2
1901,inflated,2
1902,expected,2
1903,durable,2
1904,clean,2
1905,moves,2
1906,striving,2
1907,saying,2
1908,prejudices,2
1909,rarely,2
1910,spark,2
1911,early,2
1912,ample,2
1913,persistent,2
1914,heading,2
1915,jobs,2
1916,account,2
1917,wrote,2
1918,burdened,2
1919,wherein,2
1920,circle,2
1921,diminishes,2
1922,watched,2
1923,enjoyment,2
1924,clinton,2
1925,using,2
1926,additional,2
1927,successes,2
1928,movement,2
1929,engulf,2
1930,risk,2
1931,quarter,2
1932,verdict,2
1933,branches,2
1934,trumpets,2
1935,span,2
1936,salute,2
1937,conscious,2
1938,courageously,2
1939,combined,2
1940,department,2
1941,amount,2
1942,interpret,2
1943,remove,2
1944,tested,2
1945,compete,2
1946,longest,2
1947,deserts,2
1948,sworn,2
1949,reaches,2
1950,mother,2
1951,flame,2
1952,governing,2
1953,elderly,2
1954,objective,2
1955,stock,2
1956,judges,2
1957,following,2
1958,discovered,2
1959,pattern,2
1960,elimination,2
1961,coast,2
1962,waiting,2
1963,mines,2
1964,recently,2
1965,consistent,2
1966,fitting,2
1967,dwell,2
1968,solemnity,2
1969,ends,2
1970,selfinterest,2
1971,forbearance,2
1972,message,2
1973,sweat,2
1974,speedy,2
1975,democracies,2
1976,dr,2
1977,legions,2
1978,enhance,2
1979,tariffs,2
1980,beset,2
1981,looked,2
1982,restoring,2
1983,advances,2
1984,grows,2
1985,belong,2
1986,offers,2
1987,revitalize,2
1988,wider,2
1989,decide,2
1990,contrary,2
1991,endlessly,2
1992,maintains,2
1993,directs,2
1994,patriotic,2
1995,projects,2
1996,communications,2
1997,expenditures,2
1998,broader,2
1999,becomes,2
2000,believes,2
2001,spiritually,2
2002,abilities,2
2003,imagine,2
2004,legitimate,2
2005,attainments,2
2006,supervision,2
2007,unafraid,2
2008,stamina,2
2009,sober,2
2010,inaugurate,2
2011,took,2
2012,returns,2
2013,reminded,2
2014,sincerity,2
2015,cross,2
2016,sword,2
2017,survived,2
2018,faithfully,2
2019,cool,2
2020,reaction,2
2021,bridge,2
2022,confidently,2
2023,sights,2
2024,adventure,2
2025,favored,2
2026,memorial,2
2027,tempered,2
2028,accord,2
2029,stagnant,2
2030,resorted,2
2031,precept,2
2032,departments,2
2033,finding,2
2034,possess,2
2035,guard,2
2036,mars,2
2037,mall,2
2038,intended,2
2039,prudence,2
2040,expanded,2
2041,fields,2
2042,current,2
2043,article,2
2044,rebuilding,2
2045,normalcy,2
2046,rooted,2
2047,sit,2
2048,beacon,2
2049,crave,2
2050,materially,2
2051,plainly,2
2052,territorial,2
2053,allows,2
2054,humane,2
2055,tempted,2
2056,eve,2
2057,unwilling,2
2058,treat,2
2059,quicken,2
2060,dependable,2
2061,continuity,2
2062,wilderness,2
2063,extravagance,2
2064,spirits,2
2065,blows,2
2066,induction,2
2067,bill,2
2068,split,2
2069,arsenal,2
2070,perfectly,2
2071,jungle,2
2072,serving,2
2073,adjust,2
2074,forests,2
2075,betrays,2
2076,contributions,2
2077,finance,2
2078,vigorously,2
2079,determining,2
2080,essence,2
2081,dwarfed,2
2082,penalizes,2
2083,throwing,2
2084,beckons,2
2085,behalf,2
2086,exploitation,2
2087,prisoners,2
2088,enterprises,2
2089,silent,2
2090,manner,2
2091,charged,2
2092,improvement,2
2093,indifferent,2
2094,intimate,2
2095,sweep,2
2096,stay,2
2097,realities,2
2098,conciliation,2
2099,shaping,2
2100,cant,2
2101,democracys,2
2102,appeal,2
2103,manage,2
2104,moreover,2
2105,willingness,2
2106,beg,2
2107,womanhood,2
2108,sentimental,2
2109,beginnings,2
2110,agreements,2
2111,tireless,2
2112,rides,2
2113,imply,2
2114,dedicate,2
2115,anxious,2
2116,hills,2
2117,potent,2
2118,directing,2
2119,flow,2
2120,reared,2
2121,attain,2
2122,surrender,2
2123,redistribution,2
2124,godgiven,2
2125,revenue,2
2126,surpassing,2
2127,obscure,2
2128,stately,2
2129,fractured,2
2130,satisfactions,2
2131,stage,2
2132,brilliant,2
2133,town,2
2134,evils,2
2135,appraise,2
2136,author,2
2137,enjoy,2
2138,equals,2
2139,takes,2
2140,went,2
2141,remaining,2
2142,direct,2
2143,fiftieth,2
2144,conquest,2
2145,privileged,2
2146,unemployment,2
2147,saint,2
2148,laid,2
2149,refinements,2
2150,korea,2
2151,monument,2
2152,hardship,2
2153,deliverance,2
2154,partners,2
2155,utilities,2
2156,soviets,2
2157,speaking,2
2158,worst,2
2159,overwhelming,2
2160,gold,2
2161,requirements,2
2162,yielding,2
2163,invariably,2
2164,ruthless,2
2165,disappeared,2
2166,shoulders,2
2167,asia,2
2168,reducing,2
2169,apply,2
2170,caught,2
2171,request,2
2172,weary,2
2173,machinery,2
2174,identified,2
2175,1787,2
2176,changing,2
2177,separated,2
2178,survival,2
2179,awful,2
2180,inconceivable,2
2181,experiences,2
2182,hesitation,2
2183,thirty,2
2184,bearing,2
2185,franklin,2
2186,unmindful,2
2187,testimony,2
2188,ultimate,2
2189,villages,2
2190,henceforth,2
2191,superior,2
2192,heights,2
2193,bend,2
2194,speed,2
2195,definition,2
2196,priorities,2
2197,shoulder,2
2198,sum,2
2199,frontiers,2
2200,deadly,2
2201,expands,2
2202,balances,2
2203,weakened,2
2204,send,2
2205,argonne,2
2206,ones,2
2207,convert,2
2208,particular,2
2209,seize,2
2210,19th,2
2211,patience,2
2212,finds,2
2213,echoes,2
2214,alien,2
2215,idealistic,2
2216,regret,2
2217,childs,2
2218,sleep,2
2219,catch,2
2220,preeminent,2
2221,concepts,2
2222,centers,2
2223,carrying,2
2224,resource,2
2225,million,2
2226,unequal,2
2227,adopt,2
2228,subjects,2
2229,volume,2
2230,impose,2
2231,vow,2
2232,eisenhower,2
2233,doth,2
2234,fruits,2
2235,undoubted,2
2236,skills,2
2237,ambition,2
2238,wouldnt,2
2239,demanded,2
2240,entering,2
2241,enlist,2
2242,girl,2
2243,directed,2
2244,crosses,2
2245,presidential,2
2246,calls,2
2247,faiths,2
2248,believers,2
2249,possession,2
2250,concerns,2
2251,wisely,2
2252,assumed,2
2253,fortify,2
2254,convenience,2
2255,logic,2
2256,weal,2
2257,stakes,2
2258,hateful,2
2259,cleaner,2
2260,fresh,2
2261,timidity,2
2262,loses,2
2263,unnecessary,2
2264,interference,2
2265,threaten,2
2266,disorder,2
2267,excuse,2
2268,denial,2
2269,consistently,2
2270,statute,2
2271,borne,2
2272,bigger,2
2273,majestic,2
2274,predecessor,2
2275,endured,2
2276,initiatives,2
2277,helpfulness,2
2278,amity,2
2279,late,2
2280,aught,2
2281,6,2
2282,push,2
2283,confronting,2
2284,scholars,2
2285,unknown,2
2286,johnson,2
2287,cease,2
2288,sign,2
2289,looks,2
2290,joy,2
2291,revealed,2
2292,haste,2
2293,continuance,2
2294,definitely,2
2295,overwhelmingly,2
2296,income,2
2297,substitute,2
2298,accomplishments,2
2299,dealings,2
2300,urgent,2
2301,model,2
2302,falling,2
2303,disturbed,2
2304,hopeless,2
2305,inspiring,2
2306,begins,2
2307,pleading,2
2308,financing,2
2309,compassionate,2
2310,illconsidered,2
2311,lower,2
2312,critically,2
2313,transferred,2
2314,herself,2
2315,condition,2
2316,bitter,2
2317,fill,2
2318,decline,2
2319,heedless,2
2320,clergy,2
2321,beaten,2
2322,endless,2
2323,designed,2
2324,fatalistic,2
2325,languishes,2
2326,tomorrows,2
2327,constructive,2
2328,realized,2
2329,reflecting,2
2330,regime,2
2331,guarantee,2
2332,statesmanship,2
2333,muster,2
2334,planter,2
2335,pace,2
2336,rice,2
2337,started,2
2338,stress,2
2339,summit,2
2340,confrontation,2
2341,abnormal,2
2342,services,2
2343,roosevelt,2
2344,forefathers,2
2345,opinions,2
2346,imposes,2
2347,employed,2
2348,minorities,2
2349,ethnic,2
2350,votes,2
2351,darkened,2
2352,acclaim,2
2353,infirm,2
2354,undertaken,2
2355,treason,2
2356,candid,2
2357,heavily,2
2358,death,2
2359,chaos,2
2360,views,2
2361,quickly,2
2362,lawabiding,2
2363,oldest,2
2364,magnificent,2
2365,literature,2
2366,justiciable,2
2367,separate,2
2368,scourge,2
2369,aspect,2
2370,loving,2
2371,beloved,2
2372,conformity,2
2373,liberate,2
2374,plague,2
2375,plains,2
2376,lose,2
2377,newfound,2
2378,ages,2
2379,50th,2
2380,newworld,2
2381,inadequate,2
2382,splendid,2
2383,collapse,2
2384,assertion,2
2385,older,2
2386,permanently,2
2387,removing,2
2388,composed,2
2389,morals,2
2390,alliances,2
2391,unable,2
2392,limitless,2
2393,falls,2
2394,signs,2
2395,islands,2
2396,equipped,2
2397,fragile,2
2398,deliver,2
2399,awakened,2
2400,jealousy,2
2401,ears,2
2402,mystical,2
2403,fitted,2
2404,await,2
2405,regard,2
2406,effectiveness,2
2407,presentday,2
2408,boy,2
2409,including,2
2410,enact,2
2411,lincoln,2
2412,sole,2
2413,virginia,2
2414,platform,2
2415,markers,2
2416,scene,2
2417,mankinds,2
2418,curse,2
2419,freed,2
2420,reasons,2
2421,singular,2
2422,humble,2
2423,although,2
2424,intent,2
2425,completed,2
2426,wants,2
2427,changers,2
2428,understood,2
2429,treasures,2
2430,8,2
2431,mathias,2
2432,dangerous,2
2433,structures,2
2434,dread,2
2435,patient,2
2436,enhanced,2
2437,angry,2
2438,survive,2
2439,title,2
2440,thanks,2
2441,talk,2
2442,fearful,2
2443,host,2
2444,participating,2
2445,appeals,2
2446,fearless,2
2447,dollar,2
2448,riders,2
2449,pause,2
2450,ten,2
2451,disruption,2
2452,prophet,2
2453,bestowed,2
2454,selected,2
2455,shield,2
2456,unemployed,2
2457,related,2
2458,mitigate,2
2459,preserving,2
2460,friendships,2
2461,unleash,2
2462,boldness,2
2463,millennium,2
2464,firmness,2
2465,several,2
2466,practiced,2
2467,diplomacy,2
2468,departure,2
2469,unselfishness,2
2470,commercial,2
2471,avoid,2
2472,turbulence,2
2473,theory,2
2474,unselfish,2
2475,origin,2
2476,army,2
2477,todays,2
2478,competent,2
2479,discussion,2
2480,supply,2
2481,convention,2
2482,offered,2
2483,erect,2
2484,congressman,2
2485,impotent,2
2486,church,2
2487,momentous,2
2488,rush,2
2489,staggering,2
2490,steadfastness,2
2491,despaired,2
2492,oneill,2
2493,arrangements,2
2494,commonplace,2
2495,upheavals,2
2496,criticism,2
2497,proof,2
2498,placing,2
2499,framework,2
2500,total,2
2501,attend,2
2502,democrats,2
2503,earnings,2
2504,attacks,2
2505,pool,2
2506,writ,2
2507,talent,2
2508,valued,2
2509,provides,2
2510,book,2
2511,deserving,2
2512,realistically,2
2513,sectional,2
2514,animosities,2
2515,unconquerable,2
2516,petty,2
2517,angel,2
2518,furnaces,2
2519,afraid,2
2520,disciplined,2
2521,repeal,2
2522,weeks,2
2523,provision,2
2524,deserves,2
2525,atom,2
2526,sufficiently,2
2527,distributed,2
2528,motives,2
2529,represent,2
2530,uncertain,2
2531,undertaking,2
2532,spiraling,2
2533,hoping,2
2534,rely,2
2535,surpass,2
2536,primarily,2
2537,consecrate,2
2538,john,2
2539,habit,2
2540,fever,2
2541,whirlwind,2
2542,brighter,2
2543,eight,2
2544,protecting,2
2545,majesty,2
2546,promised,2
2547,shaking,2
2548,lightning,2
2549,arrived,2
2550,secondary,2
2551,phrases,2
2552,honesty,2
2553,unleashed,2
2554,unto,2
2555,objectives,2
2556,harvest,2
2557,points,2
2558,treasure,2
2559,gradually,2
2560,enslaved,2
2561,driven,2
2562,200,2
2563,honestly,2
2564,scientists,2
2565,morality,2
2566,kinds,2
2567,removed,2
2568,chase,2
2569,labors,2
2570,distant,2
2571,recreation,2
2572,sends,2
2573,reservations,2
2574,steadfast,2
2575,oppressed,2
2576,understandings,2
2577,company,2
2578,strengths,2
2579,maimed,2
2580,stable,2
2581,civic,2
2582,reclaim,2
2583,creation,2
2584,groping,2
2585,critical,2
2586,broken,2
2587,agony,2
2588,inherited,2
2589,vigilance,2
2590,region,2
2591,vulnerable,2
2592,bills,2
2593,30,2
2594,drastic,2
2595,chains,2
2596,recall,2
2597,covenants,2
2598,bond,2
2599,widely,2
2600,develop,2
2601,tragedy,2
2602,lengthens,2
2603,opening,2
2604,precepts,2
2605,inferior,2
2606,limit,2
2607,cabinet,2
2608,relation,2
2609,facilities,2
2610,showed,2
2611,rivers,2
2612,ambitions,2
2613,storya,2
2614,shift,2
2615,possessions,2
2616,kill,2
2617,resume,2
2618,divides,2
2619,applied,2
2620,earnest,2
2621,defeat,2
2622,fantastic,2
2623,flames,2
2624,member,2
2625,epidemics,2
2626,administrative,2
2627,argue,2
2628,massive,2
2629,liberation,2
2630,defines,2
2631,establishes,2
2632,wishes,2
2633,loved,2
2634,increasingly,2
2635,bestow,2
2636,destructive,2
2637,healing,2
2638,gotten,2
2639,societies,2
2640,undertakings,2
2641,rocket,2
2642,grow,2
2643,gather,2
2644,aside,2
2645,joined,2
2646,futility,2
2647,convictions,2
2648,enlarge,2
2649,pressing,2
2650,wisest,2
2651,soldier,2
2652,addition,2
2653,tempest,2
2654,horseback,2
2655,wounds,2
2656,imperative,2
2657,dependent,2
2658,4,2
2659,cup,2
2660,memory,2
2661,elements,2
2662,pity,2
2663,totalitarian,2
2664,feelings,2
2665,invites,2
2666,representatives,2
2667,negotiation,2
2668,sister,2
2669,lowest,2
2670,inflations,2
2671,errors,2
2672,carried,2
2673,fit,2
2674,polls,2
2675,progressive,2
2676,likely,2
2677,reconstruction,2
2678,opportunism,2
2679,devised,2
2680,choosing,2
2681,tragic,2
2682,practices,2
2683,onto,2
2684,liberties,2
2685,allowed,2
2686,decay,2
2687,impede,2
2688,republican,2
2689,marked,2
2690,giant,2
2691,parents,2
2692,celebration,2
2693,nobler,2
2694,binds,2
2695,stimulating,2
2696,row,2
2697,ills,2
2698,really,2
2699,homeless,2
2700,display,2
2701,entered,2
2702,dole,2
2703,manifestation,2
2704,anyone,2
2705,overcome,2
2706,increased,2
2707,winds,2
2708,approaching,2
2709,miracles,2
2710,tribunal,2
2711,carries,2
2712,rejoice,2
2713,frozen,2
2714,arrangement,2
2715,slowly,2
2716,gracious,2
2717,consequence,2
2718,martin,2
2719,miracle,2
2720,developments,2
2721,charter,2
2722,intricate,2
2723,insist,2
2724,travel,2
2725,unhampered,2
2726,strangers,2
2727,imports,1
2728,constructed,1
2729,occur,1
2730,bred,1
2731,traits,1
2732,formed,1
2733,assess,1
2734,proportions,1
2735,firmer,1
2736,lightened,1
2737,commit,1
2738,centered,1
2739,warned,1
2740,undo,1
2741,peacebased,1
2742,perish,1
2743,tree,1
2744,misunderstood,1
2745,tyrant,1
2746,hasten,1
2747,bravery,1
2748,adequately,1
2749,rediscovered,1
2750,designation,1
2751,aids,1
2752,heartened,1
2753,recover,1
2754,unworthiness,1
2755,unitedly,1
2756,autocracy,1
2757,adams,1
2758,negotiations,1
2759,burma,1
2760,appreciating,1
2761,hundreds,1
2762,banished,1
2763,vacant,1
2764,effects,1
2765,superfluous,1
2766,ride,1
2767,patronize,1
2768,relying,1
2769,reckoning,1
2770,abstractions,1
2771,implies,1
2772,disposition,1
2773,luring,1
2774,ardent,1
2775,outworn,1
2776,diminished,1
2777,settler,1
2778,curb,1
2779,wrongs,1
2780,impact,1
2781,accomplishing,1
2782,deplore,1
2783,indivisible,1
2784,excited,1
2785,senses,1
2786,hatfield,1
2787,heedlessness,1
2788,organizers,1
2789,diminishing,1
2790,profitable,1
2791,stanch,1
2792,reasonable,1
2793,paths,1
2794,corn,1
2795,continues,1
2796,closeness,1
2797,prison,1
2798,outrage,1
2799,membership,1
2800,groans,1
2801,hospitality,1
2802,piled,1
2803,argument,1
2804,dominate,1
2805,extremely,1
2806,acquire,1
2807,learns,1
2808,probing,1
2809,quarters,1
2810,insure,1
2811,casting,1
2812,lacking,1
2813,1917,1
2814,signifying,1
2815,condemning,1
2816,injuriously,1
2817,ethics,1
2818,wallet,1
2819,oceans,1
2820,application,1
2821,emphatic,1
2822,actively,1
2823,decadent,1
2824,activity,1
2825,industrialism,1
2826,preventing,1
2827,flew,1
2828,engaging,1
2829,dictates,1
2830,disappearing,1
2831,sacrificed,1
2832,beseech,1
2833,burdensome,1
2834,prudent,1
2835,agitate,1
2836,crude,1
2837,bastion,1
2838,cope,1
2839,decoding,1
2840,guarded,1
2841,freedomloving,1
2842,brotherly,1
2843,vibrant,1
2844,dictator,1
2845,shackles,1
2846,instruction,1
2847,creep,1
2848,cleanse,1
2849,noninvolvement,1
2850,receiving,1
2851,invoking,1
2852,politically,1
2853,andes,1
2854,increases,1
2855,tormented,1
2856,climb,1
2857,dissolution,1
2858,colonial,1
2859,naval,1
2860,immigrant,1
2861,scales,1
2862,hardheadedness,1
2863,trained,1
2864,depths,1
2865,verified,1
2866,seats,1
2867,recorded,1
2868,untruths,1
2869,classroom,1
2870,heartening,1
2871,systematic,1
2872,disappointment,1
2873,water,1
2874,vain,1
2875,errant,1
2876,irresistible,1
2877,ventures,1
2878,inborn,1
2879,sterile,1
2880,tap,1
2881,inessential,1
2882,capture,1
2883,surge,1
2884,shatter,1
2885,unplowed,1
2886,aloofness,1
2887,prize,1
2888,asserts,1
2889,car,1
2890,traditions,1
2891,longings,1
2892,exemplar,1
2893,chalice,1
2894,dared,1
2895,louder,1
2896,enshrined,1
2897,drastically,1
2898,rekindling,1
2899,everyday,1
2900,discard,1
2901,shrines,1
2902,entanglement,1
2903,advice,1
2904,needing,1
2905,exceptional,1
2906,shallow,1
2907,simplify,1
2908,documents,1
2909,wavering,1
2910,peaceloving,1
2911,alamo,1
2912,star,1
2913,monroe,1
2914,funds,1
2915,fold,1
2916,freshman,1
2917,avenues,1
2918,shocks,1
2919,mrs,1
2920,attitude,1
2921,selfserving,1
2922,spokesmen,1
2923,reservoir,1
2924,presume,1
2925,label,1
2926,classes,1
2927,rolls,1
2928,gripped,1
2929,defensive,1
2930,postwar,1
2931,forgiveness,1
2932,misled,1
2933,depressed,1
2934,corners,1
2935,smother,1
2936,earned,1
2937,ruler,1
2938,revenues,1
2939,grandest,1
2940,cash,1
2941,longing,1
2942,belied,1
2943,scan,1
2944,gladdened,1
2945,unlearned,1
2946,hang,1
2947,begets,1
2948,reluctance,1
2949,shrunken,1
2950,unstable,1
2951,handled,1
2952,plain,1
2953,compose,1
2954,stunning,1
2955,mortal,1
2956,fashion,1
2957,sanitary,1
2958,peaks,1
2959,inherit,1
2960,bargain,1
2961,convey,1
2962,uncounted,1
2963,worship,1
2964,addiction,1
2965,revive,1
2966,glad,1
2967,cabbies,1
2968,subsidiary,1
2969,heroism,1
2970,microchip,1
2971,invent,1
2972,reformed,1
2973,sees,1
2974,barely,1
2975,discontents,1
2976,rapid,1
2977,earns,1
2978,observance,1
2979,100,1
2980,billion,1
2981,inspection,1
2982,potomac,1
2983,recommendations,1
2984,overbalance,1
2985,fiber,1
2986,vicepresident,1
2987,invaded,1
2988,wonders,1
2989,cautious,1
2990,identity,1
2991,crowds,1
2992,marts,1
2993,races,1
2994,yields,1
2995,blazed,1
2996,continuum,1
2997,regional,1
2998,desperate,1
2999,portents,1
3000,officers,1
3001,softened,1
3002,tarawa,1
3003,crush,1
3004,impulses,1
3005,prolonged,1
3006,obedience,1
3007,tobillions,1
3008,momentum,1
3009,rectified,1
3010,forwardlooking,1
3011,floats,1
3012,comrades,1
3013,attention,1
3014,schoolmaster,1
3015,warmth,1
3016,eminence,1
3017,salvation,1
3018,conquering,1
3019,product,1
3020,bicentennial,1
3021,attempting,1
3022,peabody,1
3023,1984,1
3024,seemly,1
3025,indecent,1
3026,hiring,1
3027,occurred,1
3028,earthly,1
3029,sophistries,1
3030,peacemaker,1
3031,absurd,1
3032,sections,1
3033,mondale,1
3034,internet,1
3035,postures,1
3036,enlists,1
3037,purified,1
3038,revenge,1
3039,righteous,1
3040,frightened,1
3041,bountiful,1
3042,gettysburg,1
3043,inexhaustible,1
3044,cynicism,1
3045,glow,1
3046,safer,1
3047,exhilarated,1
3048,striking,1
3049,responsibly,1
3050,broadcast,1
3051,tests,1
3052,precise,1
3053,monetary,1
3054,swollen,1
3055,indochina,1
3056,characterized,1
3057,brother,1
3058,abound,1
3059,singleminded,1
3060,seeds,1
3061,hurricanes,1
3062,straight,1
3063,walls,1
3064,closing,1
3065,colored,1
3066,strained,1
3067,contentious,1
3068,items,1
3069,arriving,1
3070,hath,1
3071,violates,1
3072,boast,1
3073,unbroken,1
3074,regions,1
3075,arrogance,1
3076,kinder,1
3077,surroundings,1
3078,emphasis,1
3079,undertone,1
3080,indignity,1
3081,slowed,1
3082,response,1
3083,legal,1
3084,guaranty,1
3085,explored,1
3086,noting,1
3087,rare,1
3088,killing,1
3089,pave,1
3090,thoroughly,1
3091,mosque,1
3092,skill,1
3093,1963,1
3094,confession,1
3095,cultivated,1
3096,italy,1
3097,defies,1
3098,reverence,1
3099,shopkeepers,1
3100,unfurling,1
3101,tear,1
3102,sparing,1
3103,indebtedness,1
3104,flawed,1
3105,thou,1
3106,fifty,1
3107,embittered,1
3108,brightly,1
3109,inure,1
3110,magical,1
3111,inquisition,1
3112,25,1
3113,thousandfold,1
3114,coordinate,1
3115,tapping,1
3116,research,1
3117,interpretation,1
3118,medicine,1
3119,equivalent,1
3120,juries,1
3121,during,1
3122,subsistence,1
3123,warns,1
3124,impels,1
3125,observing,1
3126,earlier,1
3127,carefully,1
3128,conferences,1
3129,missing,1
3130,impoverished,1
3131,peking,1
3132,wit,1
3133,untended,1
3134,shoot,1
3135,steady,1
3136,supersede,1
3137,thick,1
3138,staked,1
3139,yesterday,1
3140,rocked,1
3141,deed,1
3142,kitchen,1
3143,prescribed,1
3144,pursued,1
3145,reasserted,1
3146,discoveries,1
3147,availability,1
3148,africa,1
3149,cardinal,1
3150,coherence,1
3151,thrust,1
3152,industrialists,1
3153,bombastic,1
3154,russia,1
3155,combine,1
3156,causing,1
3157,rehabilitation,1
3158,partisan,1
3159,rekindle,1
3160,boundaries,1
3161,fruition,1
3162,deciding,1
3163,iowa,1
3164,rivalry,1
3165,intrigue,1
3166,abolish,1
3167,wheat,1
3168,adjustments,1
3169,smoothly,1
3170,proclaimed,1
3171,harnessing,1
3172,candle,1
3173,desiring,1
3174,monumental,1
3175,securely,1
3176,harder,1
3177,terrific,1
3178,communication,1
3179,profaned,1
3180,decreasing,1
3181,tarry,1
3182,selfrestraint,1
3183,deficits,1
3184,objects,1
3185,lincolns,1
3186,lures,1
3187,scripture,1
3188,treating,1
3189,bicker,1
3190,patronized,1
3191,blindly,1
3192,passengers,1
3193,hallowed,1
3194,merit,1
3195,armies,1
3196,deceit,1
3197,cosmopolitan,1
3198,bidding,1
3199,incentives,1
3200,ending,1
3201,sustaining,1
3202,accident,1
3203,firmament,1
3204,untroubled,1
3205,humors,1
3206,bighearted,1
3207,fine,1
3208,platforms,1
3209,college,1
3210,arbitrament,1
3211,unreasoning,1
3212,stern,1
3213,heartto,1
3214,launched,1
3215,assignment,1
3216,advocate,1
3217,heartless,1
3218,reassuring,1
3219,disarmament,1
3220,magnify,1
3221,execute,1
3222,clarified,1
3223,inaction,1
3224,onethird,1
3225,statesman,1
3226,dot,1
3227,recourse,1
3228,discouraging,1
3229,regulation,1
3230,numerous,1
3231,impressive,1
3232,confer,1
3233,deepened,1
3234,surround,1
3235,profitably,1
3236,huts,1
3237,sacredly,1
3238,affection,1
3239,negation,1
3240,invest,1
3241,enrichment,1
3242,intelligent,1
3243,offense,1
3244,eager,1
3245,doubts,1
3246,cultures,1
3247,constituent,1
3248,absolutely,1
3249,unfolds,1
3250,supportto,1
3251,mad,1
3252,wanted,1
3253,embracing,1
3254,humblest,1
3255,immensely,1
3256,halfcentury,1
3257,collection,1
3258,subterfuges,1
3259,countrys,1
3260,48,1
3261,finer,1
3262,legalized,1
3263,renewing,1
3264,harshest,1
3265,prisons,1
3266,60,1
3267,disadvantaged,1
3268,destroyed,1
3269,tensely,1
3270,unscrupulous,1
3271,prudently,1
3272,meantime,1
3273,wellspring,1
3274,perseverance,1
3275,fundamentally,1
3276,kindness,1
3277,accidental,1
3278,southern,1
3279,logically,1
3280,jealously,1
3281,paper,1
3282,waters,1
3283,empty,1
3284,punishment,1
3285,fertile,1
3286,responded,1
3287,gentler,1
3288,implicated,1
3289,wild,1
3290,proposed,1
3291,converging,1
3292,signifies,1
3293,baptism,1
3294,multitudes,1
3295,harm,1
3296,reversion,1
3297,withered,1
3298,linked,1
3299,eradication,1
3300,fearsome,1
3301,demilitarize,1
3302,nationhood,1
3303,rising,1
3304,render,1
3305,conscientious,1
3306,section,1
3307,substantive,1
3308,pursuits,1
3309,induce,1
3310,delano,1
3311,defective,1
3312,handful,1
3313,downfall,1
3314,cure,1
3315,friction,1
3316,budapest,1
3317,preoccupations,1
3318,apprehension,1
3319,uttering,1
3320,initiate,1
3321,calvin,1
3322,securing,1
3323,regardless,1
3324,advantages,1
3325,divisible,1
3326,scorn,1
3327,sharing,1
3328,hated,1
3329,targets,1
3330,wreckage,1
3331,craving,1
3332,disorganization,1
3333,prevented,1
3334,wrecked,1
3335,heirs,1
3336,yesterdays,1
3337,emulation,1
3338,window,1
3339,cures,1
3340,perfected,1
3341,outgo,1
3342,laborers,1
3343,twilight,1
3344,belaboring,1
3345,productiveness,1
3346,considerations,1
3347,legacy,1
3348,journal,1
3349,ragged,1
3350,reestablished,1
3351,behave,1
3352,dulled,1
3353,recognizes,1
3354,particularly,1
3355,ver,1
3356,experimentation,1
3357,goingness,1
3358,hearthstone,1
3359,cotton,1
3360,shout,1
3361,bloated,1
3362,incompetence,1
3363,demonstrated,1
3364,pick,1
3365,reelected,1
3366,unknowing,1
3367,transactions,1
3368,barber,1
3369,repairers,1
3370,careful,1
3371,bipartisanship,1
3372,despise,1
3373,plays,1
3374,parent,1
3375,anxiety,1
3376,prevails,1
3377,worker,1
3378,confers,1
3379,parcel,1
3380,deadlock,1
3381,3,1
3382,calm,1
3383,founded,1
3384,fitness,1
3385,maximum,1
3386,workers,1
3387,answerable,1
3388,effectively,1
3389,guns,1
3390,coal,1
3391,instant,1
3392,gulf,1
3393,indicted,1
3394,intensity,1
3395,unusual,1
3396,smaller,1
3397,unexplained,1
3398,seal,1
3399,untamed,1
3400,recovering,1
3401,degeneration,1
3402,impossibility,1
3403,tiring,1
3404,promoted,1
3405,chest,1
3406,suppressed,1
3407,rolling,1
3408,easing,1
3409,gangs,1
3410,schoolchildren,1
3411,disturbance,1
3412,impassioned,1
3413,boat,1
3414,desert,1
3415,accounted,1
3416,particularity,1
3417,imitation,1
3418,americansand,1
3419,manifesting,1
3420,fireif,1
3421,received,1
3422,vigilant,1
3423,purify,1
3424,questing,1
3425,passionately,1
3426,idle,1
3427,lone,1
3428,dominated,1
3429,cocaine,1
3430,function,1
3431,naught,1
3432,thinking,1
3433,sending,1
3434,sums,1
3435,registered,1
3436,fuller,1
3437,bodya,1
3438,tribulation,1
3439,aspects,1
3440,factor,1
3441,cured,1
3442,advisory,1
3443,adhere,1
3444,autocratic,1
3445,maps,1
3446,imperiled,1
3447,instinctively,1
3448,germany,1
3449,disobedience,1
3450,brightest,1
3451,corner,1
3452,altogether,1
3453,owners,1
3454,restless,1
3455,exalt,1
3456,compensate,1
3457,miss,1
3458,stifle,1
3459,controlled,1
3460,composite,1
3461,expressing,1
3462,undiminished,1
3463,passage,1
3464,unfurl,1
3465,defied,1
3466,crushes,1
3467,shortly,1
3468,entrepreneurial,1
3469,island,1
3470,crumble,1
3471,boston,1
3472,capacities,1
3473,grinding,1
3474,permeated,1
3475,collaborator,1
3476,necessarily,1
3477,compensations,1
3478,interlocked,1
3479,preying,1
3480,rightness,1
3481,equipment,1
3482,prescription,1
3483,dignified,1
3484,larceny,1
3485,jealous,1
3486,engine,1
3487,frustration,1
3488,sane,1
3489,ideology,1
3490,holy,1
3491,height,1
3492,inviolate,1
3493,reorganize,1
3494,reconsecrate,1
3495,vastly,1
3496,knees,1
3497,intentions,1
3498,obtain,1
3499,reviving,1
3500,won,1
3501,relearned,1
3502,internal,1
3503,individually,1
3504,moderate,1
3505,inimical,1
3506,examine,1
3507,formidable,1
3508,befits,1
3509,wonderful,1
3510,elapsed,1
3511,halted,1
3512,unbounded,1
3513,reluctantly,1
3514,stated,1
3515,cloaked,1
3516,omission,1
3517,appears,1
3518,vitally,1
3519,cherishes,1
3520,conscientiously,1
3521,louisiana,1
3522,legend,1
3523,species,1
3524,masses,1
3525,cry,1
3526,conserve,1
3527,incorporated,1
3528,wholesome,1
3529,foolish,1
3530,guadalcanal,1
3531,gore,1
3532,seasons,1
3533,clearness,1
3534,stimulus,1
3535,buildup,1
3536,custom,1
3537,station,1
3538,cancers,1
3539,indirect,1
3540,france,1
3541,refresh,1
3542,broadly,1
3543,elite,1
3544,borrowed,1
3545,din,1
3546,grace,1
3547,bounds,1
3548,terrors,1
3549,brightens,1
3550,liberated,1
3551,yearning,1
3552,pilgrimage,1
3553,salerno,1
3554,exhibited,1
3555,wings,1
3556,handson,1
3557,bartered,1
3558,rewarding,1
3559,contempt,1
3560,honors,1
3561,threeway,1
3562,milestone,1
3563,bondage,1
3564,pleasure,1
3565,touched,1
3566,deepen,1
3567,dominant,1
3568,escape,1
3569,enriched,1
3570,fairly,1
3571,citizenry,1
3572,mobile,1
3573,reawaken,1
3574,brutal,1
3575,tangible,1
3576,urged,1
3577,keen,1
3578,counties,1
3579,plagues,1
3580,seaboard,1
3581,prophecy,1
3582,conclusion,1
3583,unfeeling,1
3584,enlisted,1
3585,discovering,1
3586,david,1
3587,yearn,1
3588,contacts,1
3589,storys,1
3590,concord,1
3591,forefront,1
3592,solitude,1
3593,selfreliant,1
3594,evade,1
3595,whoever,1
3596,crown,1
3597,exhortations,1
3598,unlimited,1
3599,occurrence,1
3600,airports,1
3601,tool,1
3602,returning,1
3603,mingling,1
3604,hungers,1
3605,invested,1
3606,fraternity,1
3607,domain,1
3608,comity,1
3609,mightiest,1
3610,seizing,1
3611,gets,1
3612,fallacy,1
3613,succumb,1
3614,interpreters,1
3615,fraction,1
3616,management,1
3617,rises,1
3618,swayed,1
3619,adversary,1
3620,trusting,1
3621,emergencies,1
3622,modified,1
3623,doorstep,1
3624,mark,1
3625,marble,1
3626,halfway,1
3627,distribution,1
3628,infinite,1
3629,manifests,1
3630,lawful,1
3631,accomplish,1
3632,snow,1
3633,obsolete,1
3634,fist,1
3635,colossal,1
3636,installed,1
3637,undoubtedly,1
3638,ports,1
3639,churches,1
3640,callous,1
3641,changeless,1
3642,mentioned,1
3643,administrators,1
3644,degrees,1
3645,1945,1
3646,clerk,1
3647,undelayed,1
3648,fast,1
3649,weaken,1
3650,mentors,1
3651,emerge,1
3652,snuffed,1
3653,content,1
3654,gates,1
3655,dominions,1
3656,advancing,1
3657,professions,1
3658,remembering,1
3659,exhaustive,1
3660,encyclopedia,1
3661,agreed,1
3662,fellowship,1
3663,responsibilityto,1
3664,fed,1
3665,sanctioned,1
3666,woman,1
3667,unused,1
3668,nearing,1
3669,centurys,1
3670,terrorism,1
3671,toppled,1
3672,vowed,1
3673,initiated,1
3674,essentials,1
3675,amidst,1
3676,didnt,1
3677,nationalistic,1
3678,proposes,1
3679,divisive,1
3680,courts,1
3681,rivet,1
3682,transcended,1
3683,preference,1
3684,belonged,1
3685,assumes,1
3686,disguises,1
3687,secondhand,1
3688,legitimately,1
3689,association,1
3690,dramatic,1
3691,unify,1
3692,firmly,1
3693,rob,1
3694,foolishly,1
3695,preparations,1
3696,fulfill,1
3697,ants,1
3698,hall,1
3699,canal,1
3700,eloquent,1
3701,neutrality,1
3702,bleak,1
3703,manufacturers,1
3704,oar,1
3705,notably,1
3706,addressing,1
3707,interlude,1
3708,gratitude,1
3709,enters,1
3710,unpreparedness,1
3711,branch,1
3712,sorrowful,1
3713,secrets,1
3714,housed,1
3715,blown,1
3716,sweats,1
3717,prince,1
3718,faults,1
3719,lately,1
3720,expendable,1
3721,fierce,1
3722,valiantly,1
3723,preach,1
3724,inner,1
3725,penny,1
3726,emerged,1
3727,beneath,1
3728,reconsider,1
3729,unconstitutional,1
3730,sublime,1
3731,output,1
3732,uncertainty,1
3733,breed,1
3734,famed,1
3735,minimize,1
3736,relied,1
3737,condoned,1
3738,citys,1
3739,needy,1
3740,moons,1
3741,paves,1
3742,basi,1
3743,mechanical,1
3744,sing,1
3745,surveys,1
3746,conceiving,1
3747,victims,1
3748,throng,1
3749,persecute,1
3750,erase,1
3751,undermine,1
3752,spent,1
3753,humanitys,1
3754,multitude,1
3755,immigration,1
3756,invigorated,1
3757,baffled,1
3758,narrowing,1
3759,deter,1
3760,interdependent,1
3761,approaches,1
3762,managed,1
3763,stuck,1
3764,illnesses,1
3765,illclad,1
3766,latterly,1
3767,scar,1
3768,ambitious,1
3769,july,1
3770,shattered,1
3771,reopen,1
3772,discover,1
3773,resulting,1
3774,theirs,1
3775,musket,1
3776,signed,1
3777,patiently,1
3778,socalled,1
3779,embedded,1
3780,accumulate,1
3781,conserving,1
3782,anger,1
3783,proceeding,1
3784,synagogue,1
3785,hesitate,1
3786,wartorn,1
3787,propaganda,1
3788,suggest,1
3789,possessed,1
3790,undone,1
3791,tense,1
3792,intrusion,1
3793,illnourished,1
3794,iwo,1
3795,ruggedness,1
3796,immortal,1
3797,rested,1
3798,paralyzes,1
3799,voluntarily,1
3800,extinction,1
3801,instinct,1
3802,unhonored,1
3803,check,1
3804,spilled,1
3805,futile,1
3806,neglect,1
3807,courageous,1
3808,interfere,1
3809,guilty,1
3810,detachment,1
3811,solid,1
3812,approximate,1
3813,temper,1
3814,denies,1
3815,justification,1
3816,mediocrity,1
3817,communisms,1
3818,below,1
3819,purchase,1
3820,someday,1
3821,ensured,1
3822,patrol,1
3823,selfdestruction,1
3824,restricts,1
3825,mills,1
3826,shore,1
3827,ordinary,1
3828,forgetting,1
3829,surpluses,1
3830,matches,1
3831,exchanged,1
3832,intricacies,1
3833,anxieties,1
3834,traditional,1
3835,overburdened,1
3836,devote,1
3837,compelling,1
3838,arts,1
3839,chart,1
3840,unattended,1
3841,brief,1
3842,asking,1
3843,peculiarly,1
3844,1800,1
3845,extends,1
3846,prized,1
3847,selective,1
3848,pays,1
3849,damage,1
3850,haunt,1
3851,aggrandizement,1
3852,stubbornness,1
3853,intervention,1
3854,unrecompensed,1
3855,varied,1
3856,bottoms,1
3857,capitalist,1
3858,tender,1
3859,nationwide,1
3860,1826,1
3861,defined,1
3862,intolerant,1
3863,cleaves,1
3864,irresistibly,1
3865,frightful,1
3866,overwhelm,1
3867,defeatism,1
3868,wright,1
3869,zealously,1
3870,delay,1
3871,trusted,1
3872,embattled,1
3873,m,1
3874,assert,1
3875,immigrants,1
3876,triumphed,1
3877,dependency,1
3878,confuse,1
3879,eroded,1
3880,debased,1
3881,ostriches,1
3882,travail,1
3883,spiral,1
3884,impoverishment,1
3885,cargoes,1
3886,dead,1
3887,satisfy,1
3888,entrust,1
3889,rails,1
3890,de,1
3891,awesome,1
3892,makeup,1
3893,blight,1
3894,supergovernment,1
3895,predictions,1
3896,son,1
3897,wander,1
3898,proficiency,1
3899,prospered,1
3900,livable,1
3901,bickering,1
3902,unclimbed,1
3903,hopefulness,1
3904,stout,1
3905,bigoted,1
3906,drifting,1
3907,hanging,1
3908,builders,1
3909,technology,1
3910,unfaltering,1
3911,techniques,1
3912,unreasonable,1
3913,everrising,1
3914,attainment,1
3915,retaliate,1
3916,truce,1
3917,wrest,1
3918,unreclaimed,1
3919,admiration,1
3920,evanescent,1
3921,assemble,1
3922,erode,1
3923,inheritances,1
3924,squared,1
3925,invented,1
3926,subversion,1
3927,angels,1
3928,term,1
3929,include,1
3930,percentage,1
3931,settlements,1
3932,rediscover,1
3933,underdeveloped,1
3934,tiger,1
3935,intuitions,1
3936,clarity,1
3937,cared,1
3938,expecting,1
3939,farmer,1
3940,accurately,1
3941,displaying,1
3942,evenhanded,1
3943,destined,1
3944,scoffed,1
3945,outlaws,1
3946,traveler,1
3947,nixon,1
3948,treptow,1
3949,dams,1
3950,thrill,1
3951,courtesy,1
3952,sunlight,1
3953,legislators,1
3954,detailed,1
3955,permitted,1
3956,temptation,1
3957,heavens,1
3958,boundless,1
3959,eventful,1
3960,wastage,1
3961,shirking,1
3962,glorious,1
3963,feature,1
3964,beachhead,1
3965,attest,1
3966,amongst,1
3967,accordingly,1
3968,soundest,1
3969,arduous,1
3970,spot,1
3971,uppermost,1
3972,approved,1
3973,someone,1
3974,chemical,1
3975,adheres,1
3976,thirtyfour,1
3977,exciting,1
3978,winston,1
3979,quick,1
3980,watchfulness,1
3981,fraternal,1
3982,generate,1
3983,gray,1
3984,recommended,1
3985,carelessly,1
3986,solicitous,1
3987,practicality,1
3988,cycle,1
3989,frankness,1
3990,tragically,1
3991,ravaged,1
3992,innate,1
3993,ministers,1
3994,impelled,1
3995,mostly,1
3996,forthwith,1
3997,mystery,1
3998,celebrated,1
3999,unrivalled,1
4000,lend,1
4001,mistaken,1
4002,low,1
4003,cereals,1
4004,amass,1
4005,commission,1
4006,magnificently,1
4007,observers,1
4008,cathedral,1
4009,persian,1
4010,frequently,1
4011,inequality,1
4012,poised,1
4013,probability,1
4014,mastered,1
4015,multiplying,1
4016,cuts,1
4017,flows,1
4018,requisites,1
4019,hidden,1
4020,hangs,1
4021,curtailment,1
4022,prerogative,1
4023,intimidate,1
4024,monthly,1
4025,reinvent,1
4026,complicated,1
4027,stilling,1
4028,recognizing,1
4029,breakthrough,1
4030,mature,1
4031,raucous,1
4032,reverent,1
4033,anywhere,1
4034,internationality,1
4035,fans,1
4036,understands,1
4037,underneath,1
4038,warren,1
4039,vindicated,1
4040,warmly,1
4041,talking,1
4042,desolated,1
4043,professed,1
4044,destroys,1
4045,language,1
4046,excessive,1
4047,statements,1
4048,7,1
4049,appeasement,1
4050,farreaching,1
4051,excite,1
4052,16,1
4053,harness,1
4054,iron,1
4055,graves,1
4056,magnitude,1
4057,tried,1
4058,comparison,1
4059,evenly,1
4060,stone,1
4061,persuasion,1
4062,unaccounted,1
4063,indebted,1
4064,draft,1
4065,thriving,1
4066,sedition,1
4067,newspaper,1
4068,comports,1
4069,equitable,1
4070,uninspiring,1
4071,lathes,1
4072,vista,1
4073,rightful,1
4074,unrivaled,1
4075,inventory,1
4076,ribbon,1
4077,configuration,1
4078,border,1
4079,spectators,1
4080,foreclosure,1
4081,entirely,1
4082,modem,1
4083,smothered,1
4084,heaps,1
4085,economically,1
4086,discern,1
4087,trustees,1
4088,representation,1
4089,shielded,1
4090,calmly,1
4091,fomenting,1
4092,educational,1
4093,traveled,1
4094,appraisal,1
4095,sternly,1
4096,obedient,1
4097,wartime,1
4098,resting,1
4099,transition,1
4100,squander,1
4101,struck,1
4102,hardworking,1
4103,nameless,1
4104,unnoticed,1
4105,marched,1
4106,l,1
4107,aggressive,1
4108,skies,1
4109,gillis,1
4110,effectually,1
4111,dramatically,1
4112,applies,1
4113,imponderable,1
4114,breathes,1
4115,truculence,1
4116,destinies,1
4117,rounded,1
4118,discussing,1
4119,purged,1
4120,receding,1
4121,associations,1
4122,washingtons,1
4123,intercourse,1
4124,anything,1
4125,technologies,1
4126,sunset,1
4127,prepare,1
4128,menacing,1
4129,belleau,1
4130,properly,1
4131,persuading,1
4132,intolerable,1
4133,selection,1
4134,enriching,1
4135,furnish,1
4136,picture,1
4137,exploded,1
4138,paternalism,1
4139,treasury,1
4140,favors,1
4141,hostility,1
4142,august,1
4143,yield,1
4144,marshals,1
4145,battalion,1
4146,coequal,1
4147,downward,1
4148,communist,1
4149,weakening,1
4150,pioneer,1
4151,misconstrue,1
4152,uncorrupted,1
4153,silence,1
4154,flimsy,1
4155,contest,1
4156,shares,1
4157,expectations,1
4158,wipe,1
4159,moscow,1
4160,condescending,1
4161,exploits,1
4162,lonely,1
4163,neglected,1
4164,poetry,1
4165,sharp,1
4166,obsessions,1
4167,collectively,1
4168,birthday,1
4169,frequent,1
4170,fiscally,1
4171,adopted,1
4172,backgrounds,1
4173,paying,1
4174,fashioning,1
4175,mitchell,1
4176,civilized,1
4177,selfdetermination,1
4178,safeguarded,1
4179,rock,1
4180,inventions,1
4181,rays,1
4182,heartstrings,1
4183,symptoms,1
4184,seemingly,1
4185,staff,1
4186,disorders,1
4187,allocating,1
4188,exist,1
4189,effected,1
4190,1941,1
4191,lifeless,1
4192,eye,1
4193,tears,1
4194,approval,1
4195,crises,1
4196,runaway,1
4197,sunshine,1
4198,fabric,1
4199,rivals,1
4200,upgrade,1
4201,windows,1
4202,truman,1
4203,gaping,1
4204,dirksen,1
4205,existed,1
4206,againbut,1
4207,news,1
4208,invention,1
4209,engenders,1
4210,correction,1
4211,wishing,1
4212,jars,1
4213,serves,1
4214,miles,1
4215,225,1
4216,planned,1
4217,enabled,1
4218,extreme,1
4219,jungles,1
4220,stays,1
4221,enthusiastically,1
4222,tongues,1
4223,everricher,1
4224,loveliness,1
4225,robbing,1
4226,mustered,1
4227,target,1
4228,rural,1
4229,sentimentalizing,1
4230,inform,1
4231,sympathies,1
4232,thrives,1
4233,cemetery,1
4234,thankful,1
4235,debauched,1
4236,insinuation,1
4237,frame,1
4238,coolidge,1
4239,french,1
4240,encountered,1
4241,concentration,1
4242,deem,1
4243,visited,1
4244,investments,1
4245,freemen,1
4246,abundantly,1
4247,bearings,1
4248,mindfulness,1
4249,groupings,1
4250,organic,1
4251,unimagined,1
4252,railroads,1
4253,sovereign,1
4254,mischief,1
4255,surest,1
4256,sleeping,1
4257,overturning,1
4258,discordant,1
4259,routinely,1
4260,kite,1
4261,opposition,1
4262,vitalizing,1
4263,anymore,1
4264,lofty,1
4265,trumpet,1
4266,fixedincome,1
4267,illhoused,1
4268,freezing,1
4269,charge,1
4270,betray,1
4271,lifted,1
4272,hysteria,1
4273,inaugural,1
4274,demanding,1
4275,winter,1
4276,apathy,1
4277,comforts,1
4278,misunderstand,1
4279,loomed,1
4280,marker,1
4281,allegiance,1
4282,regaining,1
4283,michael,1
4284,backward,1
4285,drifted,1
4286,fervently,1
4287,plentiful,1
4288,phase,1
4289,hadnt,1
4290,earnestly,1
4291,unchanging,1
4292,totally,1
4293,worthless,1
4294,concentrating,1
4295,readjusts,1
4296,uncovered,1
4297,conflicts,1
4298,dares,1
4299,absence,1
4300,catalogue,1
4301,tribunals,1
4302,concrete,1
4303,unjustified,1
4304,strict,1
4305,dependence,1
4306,sincerely,1
4307,refusing,1
4308,bigotry,1
4309,fired,1
4310,opposing,1
4311,undermines,1
4312,attended,1
4313,distress,1
4314,pastors,1
4315,fled,1
4316,african,1
4317,mayflower,1
4318,sets,1
4319,blast,1
4320,inquire,1
4321,flexible,1
4322,themes,1
4323,slums,1
4324,wronged,1
4325,subordination,1
4326,countryside,1
4327,simplification,1
4328,flourish,1
4329,exceeding,1
4330,valuable,1
4331,monuments,1
4332,sounds,1
4333,medicare,1
4334,ally,1
4335,treading,1
4336,fighting,1
4337,chosin,1
4338,abraham,1
4339,writing,1
4340,headlines,1
4341,worldly,1
4342,economics,1
4343,exploit,1
4344,flout,1
4345,embraced,1
4346,hardheartedness,1
4347,prideful,1
4348,affirms,1
4349,every4year,1
4350,invincible,1
4351,repudiation,1
4352,inheritance,1
4353,reminds,1
4354,positions,1
4355,outlawry,1
4356,scorning,1
4357,quietly,1
4358,ledgers,1
4359,pretense,1
4360,silk,1
4361,narrowly,1
4362,halls,1
4363,accepts,1
4364,invigorate,1
4365,suited,1
4366,5,1
4367,rough,1
4368,entanglements,1
4369,alarmed,1
4370,shuttered,1
4371,solely,1
4372,hymns,1
4373,benediction,1
4374,superficial,1
4375,afresh,1
4376,sale,1
4377,artillery,1
4378,pack,1
4379,denying,1
4380,ship,1
4381,communists,1
4382,richer,1
4383,flaws,1
4384,asleep,1
4385,recruiting,1
4386,proportionate,1
4387,unparalleled,1
4388,invoked,1
4389,referendum,1
4390,slackerism,1
4391,retained,1
4392,cement,1
4393,yours,1
4394,formulate,1
4395,mountaintop,1
4396,earner,1
4397,decisively,1
4398,redeem,1
4399,revisions,1
4400,slogans,1
4401,surmount,1
4402,seat,1
4403,participants,1
4404,dynamos,1
4405,uprooting,1
4406,universally,1
4407,distinctively,1
4408,rid,1
4409,absorbing,1
4410,intuitive,1
4411,informed,1
4412,lodging,1
4413,magna,1
4414,o,1
4415,surpasses,1
4416,creator,1
4417,truckdrivers,1
4418,repugnant,1
4419,suggested,1
4420,resort,1
4421,politic,1
4422,vouchsafed,1
4423,decides,1
4424,accessible,1
4425,empires,1
4426,sort,1
4427,blotches,1
4428,suddenly,1
4429,dropped,1
4430,crowded,1
4431,decencies,1
4432,raging,1
4433,emerson,1
4434,selfrighteousness,1
4435,favorable,1
4436,shining,1
4437,whither,1
4438,electric,1
4439,embark,1
4440,colors,1
4441,clocks,1
4442,enslavement,1
4443,computation,1
4444,guides,1
4445,honoring,1
4446,weigh,1
4447,highly,1
4448,slope,1
4449,triumphs,1
4450,consequent,1
4451,strides,1
4452,spasmodic,1
4453,activism,1
4454,scapegoats,1
4455,exchanges,1
4456,thrive,1
4457,confronts,1
4458,selfsupporting,1
4459,devastated,1
4460,insight,1
4461,stripped,1
4462,selfseekers,1
4463,julia,1
4464,presents,1
4465,helpless,1
4466,intervals,1
4467,enhancing,1
4468,encouraged,1
4469,harbors,1
4470,sacredness,1
4471,desperation,1
4472,answered,1
4473,indifference,1
4474,league,1
4475,freeing,1
4476,empire,1
4477,device,1
4478,1000,1
4479,grief,1
4480,rode,1
4481,giving,1
4482,astronauts,1
4483,malign,1
4484,affliction,1
4485,torment,1
4486,sphere,1
4487,weaknesses,1
4488,scrutinize,1
4489,infinitely,1
4490,13,1
4491,jima,1
4492,entire,1
4493,worth,1
4494,spirituality,1
4495,beating,1
4496,1,1
4497,admitted,1
4498,sundered,1
4499,lessening,1
4500,destination,1
4501,refuge,1
4502,shouting,1
4503,placate,1
4504,tools,1
4505,robust,1
4506,lifeblood,1
4507,dictatorship,1
4508,raw,1
4509,persuaded,1
4510,punitive,1
4511,misjudged,1
4512,fault,1
4513,paces,1
4514,expeditious,1
4515,preeminently,1
4516,purports,1
4517,touchstones,1
4518,motto,1
4519,subjected,1
4520,insidious,1
4521,genuine,1
4522,delirium,1
4523,holiday,1
4524,intends,1
4525,heavenly,1
4526,lighted,1
4527,developed,1
4528,hurry,1
4529,dissipation,1
4530,fortuitous,1
4531,godsend,1
4532,tactic,1
4533,channels,1
4534,parallel,1
4535,prodigal,1
4536,guests,1
4537,voluntary,1
4538,formula,1
4539,discourage,1
4540,vary,1
4541,transcends,1
4542,texture,1
4543,substantially,1
4544,cooperating,1
4545,pitching,1
4546,columns,1
4547,likeminded,1
4548,somalia,1
4549,restricting,1
4550,lending,1
4551,reappear,1
4552,extraordinary,1
4553,sharpest,1
4554,fringe,1
4555,gathered,1
4556,locked,1
4557,igniting,1
4558,slipping,1
4559,interested,1
4560,odds,1
4561,provincials,1
4562,reveal,1
4563,fascism,1
4564,organizations,1
4565,narrowed,1
4566,masters,1
4567,hostilities,1
4568,devices,1
4569,stature,1
4570,grip,1
4571,wind,1
4572,physicists,1
4573,central,1
4574,expense,1
4575,mediation,1
4576,dire,1
4577,evolutions,1
4578,continually,1
4579,9,1
4580,withhold,1
4581,electorate,1
4582,reconciled,1
4583,admit,1
4584,combat,1
4585,untrusting,1
4586,universe,1
4587,defeated,1
4588,falsity,1
4589,pledging,1
4590,captive,1
4591,trembling,1
4592,inhospitable,1
4593,importantly,1
4594,abhorring,1
4595,coleman,1
4596,admonition,1
4597,parchment,1
4598,accordance,1
4599,trappings,1
4600,bankrupt,1
4601,myriad,1
4602,questioning,1
4603,dimness,1
4604,triumphantly,1
4605,tower,1
4606,distinguished,1
4607,unmatched,1
4608,reluctant,1
4609,patron,1
4610,calculated,1
4611,heat,1
4612,retirement,1
4613,associates,1
4614,bank,1
4615,fairdealing,1
4616,rededicate,1
4617,diseases,1
4618,unhesitatingly,1
4619,tolerate,1
4620,powerless,1
4621,vindicate,1
4622,creeds,1
4623,former,1
4624,treatment,1
4625,hill,1
4626,janeiro,1
4627,bernardin,1
4628,delinquent,1
4629,grave,1
4630,prowess,1
4631,dreamed,1
4632,definitions,1
4633,bulwark,1
4634,square,1
4635,wrongdoing,1
4636,churchill,1
4637,affirmation,1
4638,laboring,1
4639,selfsatisfaction,1
4640,signify,1
4641,sun,1
4642,rectify,1
4643,postponed,1
4644,irresponsibility,1
4645,arlington,1
4646,involvement,1
4647,condemn,1
4648,forum,1
4649,abolished,1
4650,servants,1
4651,multiplied,1
4652,reagan,1
4653,avoidance,1
4654,afforded,1
4655,profits,1
4656,chattel,1
4657,employees,1
4658,obscured,1
4659,signified,1
4660,effaced,1
4661,oppressors,1
4662,hurt,1
4663,outset,1
4664,entrusted,1
4665,stimulate,1
4666,applying,1
4667,establishments,1
4668,whats,1
4669,uncrossed,1
4670,teaching,1
4671,closest,1
4672,perpetuate,1
4673,wood,1
4674,exhausted,1
4675,scale,1
4676,countenance,1
4677,fortune,1
4678,selfreliance,1
4679,shamefully,1
4680,associate,1
4681,partisans,1
4682,lightness,1
4683,patronage,1
4684,outlawing,1
4685,pitiable,1
4686,restated,1
4687,travelled,1
4688,grasp,1
4689,tutor,1
4690,get,1
4691,tire,1
4692,case,1
4693,colonies,1
4694,humanize,1
4695,inescapably,1
4696,earners,1
4697,matchless,1
4698,valleys,1
4699,transaction,1
4700,reserved,1
4701,instructed,1
4702,backs,1
4703,solutions,1
4704,creativity,1
4705,restraints,1
4706,depended,1
4707,outpaced,1
4708,significant,1
4709,strikes,1
4710,emotions,1
4711,faintness,1
4712,retired,1
4713,singlemindedness,1
4714,pork,1
4715,sacrificing,1
4716,daring,1
4717,torture,1
4718,insignificant,1
4719,assessing,1
4720,unworthy,1
4721,persistence,1
4722,illumined,1
4723,planning,1
4724,innovation,1
4725,smuggled,1
4726,shelter,1
4727,avail,1
4728,harmless,1
4729,battalions,1
4730,comprehending,1
4731,thrones,1
4732,concurrent,1
4733,lunar,1
4734,twoparty,1
4735,welcomed,1
4736,republicans,1
4737,despotism,1
4738,inspirations,1
4739,instance,1
4740,widened,1
4741,pledges,1
4742,singled,1
4743,intensely,1
4744,emotion,1
4745,infused,1
4746,fury,1
4747,pacifists,1
4748,christmas,1
4749,echo,1
4750,compliment,1
4751,morally,1
4752,lit,1
4753,hero,1
4754,healthy,1
4755,breast,1
4756,chairman,1
4757,likeness,1
4758,corroded,1
4759,acceptance,1
4760,thwarted,1
4761,rings,1
4762,blueprint,1
4763,tempt,1
4764,improving,1
4765,loudly,1
4766,unspeakable,1
4767,shock,1
4768,functions,1
4769,uneconomical,1
4770,cheerfully,1
4771,1972,1
4772,hurts,1
4773,enacted,1
4774,compact,1
4775,pact,1
4776,resounding,1
4777,bloodshed,1
4778,watchful,1
4779,audience,1
4780,unifying,1
4781,delays,1
4782,undeveloped,1
4783,options,1
4784,minister,1
4785,enjoys,1
4786,incomparably,1
4787,breach,1
4788,survey,1
4789,heightened,1
4790,losing,1
4791,suspended,1
4792,faction,1
4793,mountaineer,1
4794,awake,1
4795,apollo,1
4796,necessaries,1
4797,universality,1
4798,scattered,1
4799,galaxy,1
4800,vigilantly,1
4801,deathless,1
4802,briefly,1
4803,immediately,1
4804,reformations,1
4805,eloquence,1
4806,selfhelp,1
4807,clearcut,1
4808,prophets,1
4809,ennobled,1
4810,surveying,1
4811,barter,1
4812,injured,1
4813,timid,1
4814,warrant,1
4815,omaha,1
4816,transform,1
4817,hearthfire,1
4818,toleration,1
4819,inches,1
4820,threshold,1
4821,probable,1
4822,sings,1
4823,paid,1
4824,translating,1
4825,prevail,1
4826,distinctions,1
4827,generally,1
4828,discrimination,1
4829,range,1
4830,shameful,1
4831,lawyer,1
4832,suppose,1
4833,clerks,1
4834,glorified,1
4835,dies,1
4836,precision,1
4837,rainbow,1
4838,companions,1
4839,evident,1
4840,quieter,1
4841,warmed,1
4842,november,1
4843,selfrule,1
4844,alleviate,1
4845,attorneys,1
4846,proliferation,1
4847,caring,1
4848,previous,1
4849,befit,1
4850,bloodiest,1
4851,waterways,1
4852,unites,1
4853,faint,1
4854,childhood,1
4855,everlarger,1
4856,unbalanced,1
4857,inefficiently,1
4858,excursions,1
4859,outward,1
4860,riches,1
4861,philosophies,1
4862,dispelled,1
4863,distance,1
4864,absent,1
4865,pres,1
4866,balk,1
4867,resurgent,1
4868,macleish,1
4869,anguished,1
4870,feared,1
4871,strings,1
4872,machine,1
4873,proves,1
4874,beware,1
4875,attentive,1
4876,escapes,1
4877,devastates,1
4878,perfecting,1
4879,bringing,1
4880,accountability,1
4881,instruct,1
4882,retrospect,1
4883,grosser,1
4884,intolerance,1
4885,corporation,1
4886,grower,1
4887,pillars,1
4888,presently,1
4889,broadening,1
4890,drama,1
4891,delusions,1
4892,sloping,1
4893,haven,1
4894,winding,1
4895,reviveand,1
4896,exhibit,1
4897,18th,1
4898,shines,1
4899,magic,1
4900,restrictive,1
4901,mingled,1
4902,testament,1
4903,holding,1
4904,pall,1
4905,weaving,1
4906,barbarian,1
4907,comprehensive,1
4908,appropriate,1
4909,impress,1
4910,lessons,1
4911,obliged,1
4912,slaveholding,1
4913,debates,1
4914,altar,1
4915,operation,1
4916,ebbing,1
4917,immeasurable,1
4918,meaningful,1
4919,wicked,1
4920,bacteria,1
4921,fortifies,1
4922,compared,1
4923,stennis,1
4924,technicalities,1
4925,joyful,1
4926,laughter,1
4927,implore,1
4928,cripple,1
4929,envisage,1
4930,passes,1
4931,trading,1
4932,desirable,1
4933,welldoing,1
4934,infant,1
4935,channel,1
4936,missiles,1
4937,connections,1
4938,roadblocks,1
4939,envious,1
4940,performing,1
4941,weld,1
4942,admirably,1
4943,entangled,1
4944,porch,1
4945,mutuality,1
4946,beseeching,1
4947,charta,1
4948,harshly,1
4949,eradicate,1
4950,creates,1
4951,market,1
4952,speculation,1
4953,reposed,1
4954,tendency,1
4955,swearing,1
4956,farewell,1
4957,appoint,1
4958,hit,1
4959,massachusetts,1
4960,detached,1
4961,confines,1
4962,sore,1
4963,shop,1
4964,clogged,1
4965,professionals,1
4966,fallible,1
4967,handicap,1
4968,library,1
4969,ceaseless,1
4970,cosmos,1
4971,facile,1
4972,reflex,1
4973,combination,1
4974,offices,1
4975,resolved,1
4976,abdicated,1
4977,injuries,1
4978,lifes,1
4979,solving,1
4980,ii,1
4981,contemplations,1
4982,nevertobeneglected,1
4983,outlines,1
4984,aggressor,1
4985,reap,1
4986,insists,1
4987,stewardship,1
4988,stuff,1
4989,entertain,1
4990,fiscal,1
4991,fleeting,1
4992,highways,1
4993,asserted,1
4994,deaf,1
4995,locusts,1
4996,winning,1
4997,archibald,1
4998,journeyed,1
4999,divisiveness,1
5000,clothed,1
5001,rate,1
5002,affected,1
5003,incomes,1
5004,spare,1
5005,levers,1
5006,calculation,1
5007,withdrew,1
5008,symbolizing,1
5009,itemized,1
5010,chop,1
5011,attempts,1
5012,struggles,1
5013,distorts,1
5014,misinterpreted,1
5015,moments,1
5016,prosecution,1
5017,negotiated,1
5018,paraphrase,1
5019,unfolding,1
5020,attempted,1
5021,staunchest,1
5022,construct,1
5023,virility,1
5024,candidly,1
5025,pursuing,1
5026,correctly,1
5027,optimist,1
5028,ridge,1
5029,oppress,1
5030,possibility,1
5031,marshaled,1
5032,protects,1
5033,protective,1
5034,1933,1
5035,stamping,1
5036,excellence,1
5037,names,1
5038,twenty,1
5039,testifying,1
5040,individuality,1
5041,wellintentioned,1
5042,consummation,1
5043,studies,1
5044,replaced,1
5045,felt,1
5046,poet,1
5047,2,1
5048,refused,1
5049,subtlety,1
5050,determinations,1
5051,plight,1
5052,manger,1
5053,strove,1
5054,rulers,1
5055,freedoms,1
5056,grandchildren,1
5057,status,1
5058,comprehensively,1
5059,disasters,1
5060,liberator,1
5061,eventually,1
5062,acrimony,1
5063,paddies,1
5064,grandparents,1
5065,watercourses,1
5066,stained,1
5067,river,1
5068,lying,1
5069,evoked,1
5070,root,1
5071,demoralization,1
5072,borrowing,1
5073,bewildered,1
5074,accrue,1
5075,torch,1
5076,polite,1
5077,racing,1
5078,computer,1
5079,abandoned,1
5080,settle,1
5081,embarking,1
5082,illiteracy,1
5083,gains,1
5084,primitive,1
5085,convinced,1
5086,understandable,1
5087,household,1
5088,doctrine,1
5089,impairing,1
5090,industrially,1
5091,robs,1
5092,spared,1
5093,ministered,1
5094,resolution,1
5095,lure,1
5096,emphasize,1
5097,pitted,1
5098,dictate,1
5099,clothing,1
5100,widespread,1
5101,administer,1
5102,gladness,1
5103,missions,1
5104,individualists,1
5105,regularity,1
5106,counsels,1
5107,malaya,1
5108,educated,1
5109,impregnable,1
5110,traffic,1
5111,joseph,1
5112,store,1
5113,mental,1
5114,inherently,1
5115,worry,1
5116,room,1
5117,giants,1
5118,telling,1
5119,meetings,1
5120,acting,1
5121,bridges,1
5122,unchanged,1
5123,camps,1
5124,longed,1
5125,publics,1
5126,forged,1
5127,persons,1
5128,remaking,1
5129,combinations,1
5130,diary,1
5131,unregarded,1
5132,review,1
5133,battlefields,1
5134,safeguards,1
5135,towns,1
5136,instantaneously,1
5137,humphrey,1
5138,adjective,1
5139,injure,1
5140,supplying,1
5141,builded,1
5142,thereto,1
5143,longcherished,1
5144,moomaw,1
5145,crushing,1
5146,exemplify,1
5147,teacher,1
5148,impunity,1
5149,arrest,1
5150,venture,1
5151,fires,1
5152,constricted,1
5153,thrashed,1
5154,sprang,1
5155,presiding,1
5156,seldom,1
5157,utterly,1
5158,fog,1
5159,engagements,1
5160,invective,1
5161,labeled,1
5162,possesses,1
5163,reconnecting,1
5164,locate,1
5165,perished,1
5166,savagery,1
5167,preside,1
5168,administrations,1
5169,stayed,1
5170,emancipation,1
5171,designs,1
5172,delegation,1
5173,clarification,1
5174,unequivocal,1
5175,suggesting,1
5176,readiness,1
5177,squandered,1
5178,unfocused,1
5179,jericho,1
5180,attitudes,1
5181,feasible,1
5182,indirectly,1
5183,dogs,1
5184,patchwork,1
5185,lighta,1
5186,militarists,1
5187,financial,1
5188,herein,1
5189,slightly,1
5190,virtues,1
5191,impaired,1
5192,abreast,1
5193,unfailing,1
5194,ponders,1
5195,daytoday,1
5196,roaming,1
5197,oppression,1
5198,sheet,1
5199,violence,1
5200,perspective,1
5201,thats,1
5202,heaven,1
5203,sinister,1
5204,color,1
5205,facility,1
5206,mists,1
5207,therein,1
5208,scrupulously,1
5209,burger,1
5210,oldfashioned,1
5211,intimacy,1
5212,pitilessly,1
5213,atmosphere,1
5214,british,1
5215,risen,1
5216,superbly,1
5217,heartily,1
5218,corrected,1
5219,lurk,1
5220,harbor,1
5221,anguish,1
5222,everincreasing,1
5223,seed,1
5224,tearfully,1
5225,renunciation,1
5226,awaited,1
5227,militarize,1
5228,rearranged,1
5229,specialized,1
5230,humbled,1
5231,thirsting,1
5232,inexorable,1
5233,sky,1
5234,cling,1
5235,eternity,1
5236,fanaticism,1
5237,aftermath,1
5238,subterfuge,1
5239,shouldnt,1
5240,purposeful,1
5241,failing,1
5242,ambiguity,1
5243,clamor,1
5244,dissension,1
5245,biological,1
5246,municipal,1
5247,searching,1
5248,entrepreneurs,1
5249,incredible,1
5250,exhibiting,1
5251,quayle,1
5252,chairs,1
5253,mutually,1
5254,slightest,1
5255,recurring,1
5256,mortgaging,1
5257,everexpanding,1
5258,undoing,1
5259,contrast,1
5260,sympathetic,1
5261,tiny,1
5262,faculties,1
5263,investor,1
5264,intrusted,1
5265,beach,1
5266,deserve,1
5267,desires,1
5268,successors,1
5269,yielded,1
5270,filled,1
5271,native,1
5272,execution,1
5273,periods,1
5274,yourselves,1
5275,origins,1
5276,fuel,1
5277,comities,1
5278,ancestors,1
5279,laugh,1
5280,coincidence,1
5281,dynamic,1
5282,threescore,1
5283,pope,1
5284,intervening,1
5285,inexcusable,1
5286,thirst,1
5287,urgently,1
5288,meets,1
5289,expresses,1
5290,lessen,1
5291,goad,1
5292,capability,1
5293,riding,1
5294,cook,1
5295,appreciative,1
5296,translated,1
5297,hamper,1
5298,formerly,1
5299,fortress,1
5300,happenings,1
5301,rendered,1
5302,clothe,1
5303,follows,1
5304,chooses,1
5305,withstood,1
5306,throw,1
5307,asunder,1
5308,incident,1
5309,rebuilds,1
5310,isaiah,1
5311,overtaxed,1
5312,finishing,1
5313,prices,1
5314,connected,1
5315,resolutely,1
5316,baker,1
5317,reestablish,1
5318,blaze,1
5319,shepherd,1
5320,differently,1
5321,stretching,1
5322,confronted,1
5323,luther,1
5324,riveted,1
5325,minimum,1
5326,spite,1
5327,ignorant,1
5328,rio,1
5329,variety,1
5330,exile,1
5331,measureless,1
5332,flyleaf,1
5333,cradle,1
5334,debts,1
5335,jurisprudence,1
5336,midway,1
5337,contentment,1
5338,school,1
5339,disinterested,1
5340,sovereignties,1
5341,conferred,1
5342,impotence,1
5343,specific,1
5344,friendliest,1
5345,fourfold,1
5346,suggestions,1
5347,maneuver,1
5348,horrors,1
5349,navy,1
5350,engrossed,1
5351,surging,1
5352,armament,1
5353,massed,1
5354,fountain,1
5355,enthralled,1
5356,depth,1
5357,substantial,1
5358,pushes,1
5359,trim,1
5360,blue,1
5361,singly,1
5362,reassurance,1
5363,pages,1
5364,elementary,1
5365,competitive,1
5366,undeserved,1
